date,source,url,score_pct,total_articles,positive,neutral,negative
2026-04-08,De Morgen,https://www.demorgen.be/,0,27,0,0,27
2026-04-08,De Standaard Binnenland,https://www.standaard.be/,0,12,0,0,12
2026-04-08,De Standaard Buitenland,https://www.standaard.be/buitenland/,0,17,0,0,17
2026-04-08,De Standaard Economie,https://www.standaard.be/economie/,0,7,0,0,7
2026-04-08,Frankfurter Allgemeine Zeitung,https://www.faz.net/aktuell/,0,1,0,0,1
2026-04-08,Het Laatste Nieuws,https://www.hln.be/,0,38,0,0,38
2026-04-08,Humo,https://www.humo.be/,0,9,0,0,9
2026-04-08,Le Figaro,https://www.lefigaro.fr/,0,49,0,0,49
2026-04-08,NRC,www.nrc.nl,0,27,0,0,27
2026-04-08,Popular Science,https://popsci.com,0,1,0,0,1
2026-04-08,Positive News,https://www.positive.news/,0,1,0,0,1
2026-04-08,The New York Times,https://rss.nytimes.com/services/xml/rss/nyt/HomePage.xml,0,28,0,0,28
2026-04-08,The Washington Post,https://www.washingtonpost.com/,0,6,0,0,6
2026-04-08,Upworthy,https://www.upworthy.com/,0,4,0,0,4
2026-04-08,VRT Nws,https://www.vrt.be/vrtnws/nl/,0,34,0,0,34
2026-04-09,De Morgen,https://www.demorgen.be/,0,25,0,0,25
2026-04-09,De Standaard Binnenland,https://www.standaard.be/,0,8,0,0,8
2026-04-09,De Standaard Buitenland,https://www.standaard.be/buitenland/,0,15,0,0,15
2026-04-09,De Standaard Economie,https://www.standaard.be/economie/,0,8,0,0,8
2026-04-09,Good News Network,https://www.goodnewsnetwork.org/,0,1,0,0,1
2026-04-09,Het Laatste Nieuws,https://www.hln.be/,0,25,0,0,25
2026-04-09,Humo,https://www.humo.be/,0,7,0,0,7
2026-04-09,Le Figaro,https://www.lefigaro.fr/,0,29,0,0,29
2026-04-09,Microsoft Research,https://www.microsoft.com/en-us/research/,0,2,0,0,2
2026-04-09,NRC,www.nrc.nl,0,24,0,0,24
2026-04-09,Popular Science,https://popsci.com,0,7,0,0,7
2026-04-09,Positive News,https://www.positive.news/,0,1,0,0,1
2026-04-09,The New York Times,https://rss.nytimes.com/services/xml/rss/nyt/HomePage.xml,0,27,0,0,27
2026-04-09,The Washington Post,https://www.washingtonpost.com/,0,5,0,0,5
2026-04-09,Upworthy,https://www.upworthy.com/,0,1,0,0,1
2026-04-09,VRT Nws,https://www.vrt.be/vrtnws/nl/,0,22,0,0,22
2026-04-10,BBC Top Stories,https://www.bbc.com/,0,7,0,0,7
2026-04-10,De Morgen,https://www.demorgen.be/,0,27,0,0,27
2026-04-10,De Standaard Binnenland,https://www.standaard.be/,0,13,0,0,13
2026-04-10,De Standaard Buitenland,https://www.standaard.be/buitenland/,0,26,0,0,26
2026-04-10,De Standaard Economie,https://www.standaard.be/economie/,0,16,0,0,16
2026-04-10,Good News Network,https://www.goodnewsnetwork.org/,0,2,0,0,2
2026-04-10,Het Laatste Nieuws,https://www.hln.be/,0,31,0,0,31
2026-04-10,Humo,https://www.humo.be/,0,14,0,0,14
2026-04-10,Le Figaro,https://www.lefigaro.fr/,0,52,0,0,52
2026-04-10,NRC,www.nrc.nl,0,41,0,0,41
2026-04-10,Popular Science,https://popsci.com,0,7,0,0,7
2026-04-10,Positive News,https://www.positive.news/,100,1,1,0,0
2026-04-10,The New York Times,https://rss.nytimes.com/services/xml/rss/nyt/HomePage.xml,0,37,0,0,37
2026-04-10,The Washington Post,https://www.washingtonpost.com/,0,5,0,0,5
2026-04-10,Upworthy,https://www.upworthy.com/,0,3,0,0,3
2026-04-10,VRT Nws,https://www.vrt.be/vrtnws/nl/,0,49,0,0,49
2026-04-11,BBC Top Stories,https://www.bbc.com/,0,25,0,0,25
2026-04-11,De Morgen,https://www.demorgen.be/,0,30,0,0,30
2026-04-11,De Standaard Binnenland,https://www.standaard.be/,0,1,0,0,1
2026-04-11,De Standaard Buitenland,https://www.standaard.be/buitenland/,0,9,0,0,9
2026-04-11,Frankfurter Allgemeine Zeitung,https://www.faz.net/aktuell/,0,1,0,0,1
2026-04-11,Good News Network,https://www.goodnewsnetwork.org/,0,2,0,0,2
2026-04-11,Het Laatste Nieuws,https://www.hln.be/,0,56,0,0,56
2026-04-11,Humo,https://www.humo.be/,0,10,0,0,10
2026-04-11,Le Figaro,https://www.lefigaro.fr/,0,38,0,0,38
2026-04-11,NRC,www.nrc.nl,0,7,0,0,7
2026-04-11,Popular Science,https://popsci.com,0,3,0,0,3
2026-04-11,The New York Times,https://rss.nytimes.com/services/xml/rss/nyt/HomePage.xml,0,27,0,0,27
2026-04-11,The Washington Post,https://www.washingtonpost.com/,0,1,0,0,1
2026-04-11,Upworthy,https://www.upworthy.com/,0,7,0,0,7
2026-04-11,VRT Nws,https://www.vrt.be/vrtnws/nl/,0,36,0,0,36
2026-04-12,BBC Top Stories,https://www.bbc.com/,0,30,0,0,30
2026-04-12,De Morgen,https://www.demorgen.be/,0,24,0,0,24
2026-04-12,De Standaard Binnenland,https://www.standaard.be/,0,8,0,0,8
2026-04-12,De Standaard Buitenland,https://www.standaard.be/buitenland/,0,13,0,0,13
2026-04-12,De Standaard Economie,https://www.standaard.be/economie/,0,4,0,0,4
2026-04-12,Frankfurter Allgemeine Zeitung,https://www.faz.net/aktuell/,0,1,0,0,1
2026-04-12,Good News Network,https://www.goodnewsnetwork.org/,50,4,2,0,2
2026-04-12,Het Laatste Nieuws,https://www.hln.be/,0,54,0,0,54
2026-04-12,Humo,https://www.humo.be/,0,9,0,0,9
2026-04-12,Le Figaro,https://www.lefigaro.fr/,0,47,0,0,47
2026-04-12,NRC,www.nrc.nl,0,22,0,0,22
2026-04-12,Popular Science,https://popsci.com,0,3,0,0,3
2026-04-12,The New York Times,https://rss.nytimes.com/services/xml/rss/nyt/HomePage.xml,0,24,0,0,24
2026-04-12,The Washington Post,https://www.washingtonpost.com/,0,5,0,0,5
2026-04-12,Upworthy,https://www.upworthy.com/,0,6,0,0,6
2026-04-12,VRT Nws,https://www.vrt.be/vrtnws/nl/,0,29,0,0,29
2026-04-13,BBC Top Stories,https://www.bbc.com/,0,33,0,0,33
2026-04-13,De Morgen,https://www.demorgen.be/,0,48,0,0,48
2026-04-13,De Standaard Binnenland,https://www.standaard.be/,0,9,0,0,9
2026-04-13,De Standaard Buitenland,https://www.standaard.be/buitenland/,0,17,0,0,17
2026-04-13,De Standaard Economie,https://www.standaard.be/economie/,0,11,0,0,11
2026-04-13,Good News Network,https://www.goodnewsnetwork.org/,75,4,3,0,1
2026-04-13,Het Laatste Nieuws,https://www.hln.be/,0,76,0,0,76
2026-04-13,Humo,https://www.humo.be/,0,29,0,0,29
2026-04-13,Le Figaro,https://www.lefigaro.fr/,0,55,0,0,55
2026-04-13,NRC,www.nrc.nl,0,33,0,0,33
2026-04-13,Popular Science,https://popsci.com,0,4,0,0,4
2026-04-13,Positive News,https://www.positive.news/,100,1,1,0,0
2026-04-13,The New York Times,https://rss.nytimes.com/services/xml/rss/nyt/HomePage.xml,0,49,0,0,49
2026-04-13,The Washington Post,https://www.washingtonpost.com/,0,5,0,0,5
2026-04-13,Upworthy,https://www.upworthy.com/,0,2,0,0,2
2026-04-13,VRT Nws,https://www.vrt.be/vrtnws/nl/,0,59,0,0,59
2026-04-14,BBC Top Stories,https://www.bbc.com/,9,35,3,0,32
2026-04-14,De Morgen,https://www.demorgen.be/,0,31,0,0,31
2026-04-14,De Standaard Binnenland,https://www.standaard.be/,0,13,0,0,13
2026-04-14,De Standaard Buitenland,https://www.standaard.be/buitenland/,0,21,0,0,21
2026-04-14,De Standaard Economie,https://www.standaard.be/economie/,0,13,0,0,13
2026-04-14,Good News Network,https://www.goodnewsnetwork.org/,60,5,3,0,2
2026-04-14,Het Laatste Nieuws,https://www.hln.be/,0,49,0,0,49
2026-04-14,Humo,https://www.humo.be/,0,11,0,0,11
2026-04-14,Le Figaro,https://www.lefigaro.fr/,0,44,0,0,44
2026-04-14,NRC,www.nrc.nl,0,34,0,0,34
2026-04-14,Popular Science,https://popsci.com,13,8,1,0,7
2026-04-14,Positive News,https://www.positive.news/,0,1,0,0,1
2026-04-14,The Guardian,www.theguardian.com,0,2,0,0,2
2026-04-14,The Guardian Europe,https://www.theguardian.com/europe,0,6,0,0,6
2026-04-14,The New York Times,https://rss.nytimes.com/services/xml/rss/nyt/HomePage.xml,0,46,0,0,46
2026-04-14,The Verge,www.theverge.com,0,10,0,0,10
2026-04-14,The Washington Post,https://www.washingtonpost.com/,0,4,0,0,4
2026-04-14,Upworthy,https://www.upworthy.com/,0,4,0,0,4
2026-04-14,VRT Nws,https://www.vrt.be/vrtnws/nl/,0,34,0,0,34
2026-04-14,Wired,www.wired.com,0,12,0,0,12
2026-04-15,BBC Top Stories,https://www.bbc.com/,0,44,0,0,44
2026-04-15,De Morgen,https://www.demorgen.be/,0,42,0,0,42
2026-04-15,De Standaard Binnenland,https://www.standaard.be/,15,13,2,0,11
2026-04-15,De Standaard Buitenland,https://www.standaard.be/buitenland/,6,18,1,0,17
2026-04-15,De Standaard Economie,https://www.standaard.be/economie/,0,7,0,0,7
2026-04-15,Gazet van Antwerpen,www.gva.be,0,43,0,0,43
2026-04-15,Good News Network,https://www.goodnewsnetwork.org/,80,5,4,0,1
2026-04-15,Het Laatste Nieuws,https://www.hln.be/,0,64,0,0,64
2026-04-15,Humo,https://www.humo.be/,0,9,0,0,9
2026-04-15,Le Figaro,https://www.lefigaro.fr/,0,51,0,0,51
2026-04-15,NRC,www.nrc.nl,0,35,0,0,35
2026-04-15,Nature,https://www.nature.com,0,7,0,0,7
2026-04-15,Popular Science,https://popsci.com,10,10,1,0,9
2026-04-15,Positive News,https://www.positive.news/,0,1,0,0,1
2026-04-15,Science.org news,https://www.science.org/,0,3,0,0,3
2026-04-15,The Guardian,www.theguardian.com,0,43,0,0,43
2026-04-15,The Guardian Europe,https://www.theguardian.com/europe,0,15,0,0,15
2026-04-15,The New York Times,https://rss.nytimes.com/services/xml/rss/nyt/HomePage.xml,0,43,0,0,43
2026-04-15,The Verge,www.theverge.com,0,19,0,0,19
2026-04-15,The Washington Post,https://www.washingtonpost.com/,0,4,0,0,4
2026-04-15,Upworthy,https://www.upworthy.com/,75,8,6,0,2
2026-04-15,VRT Nws,https://www.vrt.be/vrtnws/nl/,0,44,0,0,44
2026-04-15,Wired,www.wired.com,0,24,0,0,24
2026-04-16,BBC Top Stories,https://www.bbc.com/,5,44,2,0,42
2026-04-16,De Morgen,https://www.demorgen.be/,0,39,0,0,39
2026-04-16,De Standaard Binnenland,https://www.standaard.be/,8,12,1,0,11
2026-04-16,De Standaard Buitenland,https://www.standaard.be/buitenland/,0,17,0,0,17
2026-04-16,De Standaard Economie,https://www.standaard.be/economie/,0,10,0,0,10
2026-04-16,Gazet van Antwerpen,www.gva.be,0,64,0,0,64
2026-04-16,Good News Network,https://www.goodnewsnetwork.org/,80,5,4,0,1
2026-04-16,Het Laatste Nieuws,https://www.hln.be/,2,85,2,0,83
2026-04-16,Humo,https://www.humo.be/,11,9,1,0,8
2026-04-16,Le Figaro,https://www.lefigaro.fr/,2,56,1,0,55
2026-04-16,NRC,www.nrc.nl,0,40,0,0,40
2026-04-16,Nature,https://www.nature.com,11,9,1,0,8
2026-04-16,Popular Science,https://popsci.com,33,9,3,0,6
2026-04-16,Positive News,https://www.positive.news/,0,1,0,0,1
2026-04-16,Science.org news,https://www.science.org/,0,3,0,0,3
2026-04-16,The Guardian,www.theguardian.com,0,50,0,0,50
2026-04-16,The Guardian Europe,https://www.theguardian.com/europe,0,14,0,0,14
2026-04-16,The New York Times,https://rss.nytimes.com/services/xml/rss/nyt/HomePage.xml,0,51,0,0,51
2026-04-16,The Verge,www.theverge.com,0,24,0,0,24
2026-04-16,The Washington Post,https://www.washingtonpost.com/,0,7,0,0,7
2026-04-16,Upworthy,https://www.upworthy.com/,33,3,1,0,2
2026-04-16,VRT Nws,https://www.vrt.be/vrtnws/nl/,5,65,3,0,62
2026-04-16,Wired,www.wired.com,0,28,0,0,28
2026-04-17,BBC Top Stories,https://www.bbc.com/,13,46,6,0,40
2026-04-17,De Morgen,https://www.demorgen.be/,0,38,0,0,38
2026-04-17,De Standaard Binnenland,https://www.standaard.be/,17,6,1,0,5
2026-04-17,De Standaard Buitenland,https://www.standaard.be/buitenland/,5,20,1,0,19
2026-04-17,De Standaard Economie,https://www.standaard.be/economie/,0,14,0,0,14
2026-04-17,Gazet van Antwerpen,www.gva.be,27,66,18,0,48
2026-04-17,Good News Network,https://www.goodnewsnetwork.org/,40,5,2,0,3
2026-04-17,Het Laatste Nieuws,https://www.hln.be/,12,77,9,0,68
2026-04-17,Humo,https://www.humo.be/,0,15,0,0,15
2026-04-17,Le Figaro,https://www.lefigaro.fr/,6,54,3,0,51
2026-04-17,NRC,www.nrc.nl,7,44,3,0,41
2026-04-17,Nature,https://www.nature.com,0,5,0,0,5
2026-04-17,Popular Science,https://popsci.com,11,9,1,0,8
2026-04-17,Positive News,https://www.positive.news/,100,1,1,0,0
2026-04-17,Science.org news,https://www.science.org/,33,3,1,0,2
2026-04-17,The Guardian,www.theguardian.com,16,38,6,0,32
2026-04-17,The Guardian Europe,https://www.theguardian.com/europe,13,16,2,0,14
2026-04-17,The New York Times,https://rss.nytimes.com/services/xml/rss/nyt/HomePage.xml,0,51,0,0,51
2026-04-17,The Verge,www.theverge.com,0,14,0,0,14
2026-04-17,The Washington Post,https://www.washingtonpost.com/,20,5,1,0,4
2026-04-17,Upworthy,https://www.upworthy.com/,60,15,9,0,6
2026-04-17,VRT Nws,https://www.vrt.be/vrtnws/nl/,9,44,4,0,40
2026-04-17,Wired,www.wired.com,0,23,0,0,23
2026-04-18,BBC Top Stories,https://www.bbc.com/,11,36,4,0,32
2026-04-18,De Morgen,https://www.demorgen.be/,2,48,1,0,47
2026-04-18,De Standaard Binnenland,https://www.standaard.be/,0,3,0,0,3
2026-04-18,De Standaard Buitenland,https://www.standaard.be/buitenland/,0,12,0,0,12
2026-04-18,De Standaard Economie,https://www.standaard.be/economie/,0,1,0,0,1
2026-04-18,Gazet van Antwerpen,www.gva.be,16,172,27,0,145
2026-04-18,Good News Network,https://www.goodnewsnetwork.org/,25,4,1,0,3
2026-04-18,Het Laatste Nieuws,https://www.hln.be/,14,153,21,0,132
2026-04-18,Humo,https://www.humo.be/,0,16,0,0,16
2026-04-18,Le Figaro,https://www.lefigaro.fr/,1,67,1,0,66
2026-04-18,NRC,www.nrc.nl,0,18,0,0,18
2026-04-18,Nature,https://www.nature.com,50,2,1,0,1
2026-04-18,Popular Science,https://popsci.com,25,4,1,0,3
2026-04-18,Science.org news,https://www.science.org/,0,1,0,0,1
2026-04-18,The Guardian,www.theguardian.com,4,51,2,0,49
2026-04-18,The Guardian Europe,https://www.theguardian.com/europe,18,17,3,0,14
2026-04-18,The New York Times,https://rss.nytimes.com/services/xml/rss/nyt/HomePage.xml,0,39,0,0,39
2026-04-18,The Verge,www.theverge.com,0,6,0,0,6
2026-04-18,The Washington Post,https://www.washingtonpost.com/,0,4,0,0,4
2026-04-18,Upworthy,https://www.upworthy.com/,50,6,3,0,3
2026-04-18,VRT Nws,https://www.vrt.be/vrtnws/nl/,17,42,7,0,35
2026-04-18,Wired,www.wired.com,0,8,0,0,8
2026-04-19,BBC Top Stories,https://www.bbc.com/,9,34,3,0,31
2026-04-19,De Morgen,https://www.demorgen.be/,10,39,4,0,35
2026-04-19,De Standaard Binnenland,https://www.standaard.be/,23,13,3,0,10
2026-04-19,De Standaard Buitenland,https://www.standaard.be/buitenland/,0,23,0,0,23
2026-04-19,De Standaard Economie,https://www.standaard.be/economie/,0,4,0,0,4
2026-04-19,Frankfurter Allgemeine Zeitung,https://www.faz.net/aktuell/,0,1,0,0,1
2026-04-19,Gazet van Antwerpen,www.gva.be,17,179,30,0,149
2026-04-19,Good News Network,https://www.goodnewsnetwork.org/,57,7,4,0,3
2026-04-19,Het Laatste Nieuws,https://www.hln.be/,11,150,17,0,133
2026-04-19,Humo,https://www.humo.be/,0,15,0,0,15
2026-04-19,Le Figaro,https://www.lefigaro.fr/,2,64,1,0,63
2026-04-19,NRC,www.nrc.nl,11,28,3,0,25
2026-04-19,Popular Science,https://popsci.com,20,5,1,0,4
2026-04-19,The Guardian,www.theguardian.com,5,41,2,0,39
2026-04-19,The Guardian Europe,https://www.theguardian.com/europe,16,19,3,0,16
2026-04-19,The New York Times,https://rss.nytimes.com/services/xml/rss/nyt/HomePage.xml,5,39,2,0,37
2026-04-19,The Verge,www.theverge.com,0,6,0,0,6
2026-04-19,The Washington Post,https://www.washingtonpost.com/,0,2,0,0,2
2026-04-19,Upworthy,https://www.upworthy.com/,33,15,5,0,10
2026-04-19,VRT Nws,https://www.vrt.be/vrtnws/nl/,23,48,11,0,37
2026-04-19,Wired,www.wired.com,0,5,0,0,5
2026-04-20,BBC Top Stories,https://www.bbc.com/,2,45,1,0,44
2026-04-20,De Morgen,https://www.demorgen.be/,5,62,3,0,59
2026-04-20,De Standaard Binnenland,https://www.standaard.be/,0,7,0,0,7
2026-04-20,De Standaard Buitenland,https://www.standaard.be/buitenland/,8,24,2,0,22
2026-04-20,De Standaard Economie,https://www.standaard.be/economie/,7,14,1,0,13
2026-04-20,Gazet van Antwerpen,www.gva.be,18,162,29,0,133
2026-04-20,Good News Network,https://www.goodnewsnetwork.org/,44,9,4,0,5
2026-04-20,Het Laatste Nieuws,https://www.hln.be/,7,170,12,0,158
2026-04-20,Humo,https://www.humo.be/,3,31,1,0,30
2026-04-20,Le Figaro,https://www.lefigaro.fr/,5,83,4,0,79
2026-04-20,Microsoft Research,https://www.microsoft.com/en-us/research/,0,1,0,0,1
2026-04-20,NRC,www.nrc.nl,0,56,0,0,56
2026-04-20,Nature,https://www.nature.com,0,8,0,0,8
2026-04-20,Popular Science,https://popsci.com,25,8,2,0,6
2026-04-20,Positive News,https://www.positive.news/,100,1,1,0,0
2026-04-20,Science.org news,https://www.science.org/,25,4,1,0,3
2026-04-20,The Guardian,www.theguardian.com,9,56,5,0,51
2026-04-20,The Guardian Europe,https://www.theguardian.com/europe,8,25,2,0,23
2026-04-20,The New York Times,https://rss.nytimes.com/services/xml/rss/nyt/HomePage.xml,4,56,2,0,54
2026-04-20,The Verge,www.theverge.com,7,28,2,0,26
2026-04-20,The Washington Post,https://www.washingtonpost.com/,0,5,0,0,5
2026-04-20,Upworthy,https://www.upworthy.com/,30,27,8,0,19
2026-04-20,VRT Nws,https://www.vrt.be/vrtnws/nl/,15,98,15,0,83
2026-04-20,Wired,www.wired.com,8,13,1,0,12
2026-04-21,BBC Top Stories,https://www.bbc.com/,6,65,4,0,61
2026-04-21,De Morgen,https://www.demorgen.be/,2,46,1,0,45
2026-04-21,De Standaard Binnenland,https://www.standaard.be/,10,10,1,0,9
2026-04-21,De Standaard Buitenland,https://www.standaard.be/buitenland/,0,20,0,0,20
2026-04-21,De Standaard Economie,https://www.standaard.be/economie/,0,15,0,0,15
2026-04-21,Frankfurter Allgemeine Zeitung,https://www.faz.net/aktuell/,0,1,0,0,1
2026-04-21,Gazet van Antwerpen,www.gva.be,17,173,30,0,143
2026-04-21,Good News Network,https://www.goodnewsnetwork.org/,63,8,5,0,3
2026-04-21,Het Laatste Nieuws,https://www.hln.be/,6,172,10,0,162
2026-04-21,Humo,https://www.humo.be/,0,12,0,0,12
2026-04-21,Le Figaro,https://www.lefigaro.fr/,4,77,3,0,74
2026-04-21,NRC,www.nrc.nl,7,45,3,0,42
2026-04-21,Nature,https://www.nature.com,22,9,2,0,7
2026-04-21,Neue Zürcher Zeitung,www.nzz.ch,0,2,0,0,2
2026-04-21,Popular Science,https://popsci.com,22,9,2,0,7
2026-04-21,Positive News,https://www.positive.news/,0,1,0,0,1
2026-04-21,Science.org news,https://www.science.org/,33,3,1,0,2
2026-04-21,The Guardian,www.theguardian.com,5,60,3,0,57
2026-04-21,The Guardian Europe,https://www.theguardian.com/europe,3,32,1,0,31
2026-04-21,The New York Times,https://rss.nytimes.com/services/xml/rss/nyt/HomePage.xml,5,61,3,0,58
2026-04-21,The Verge,www.theverge.com,0,35,0,0,35
2026-04-21,The Washington Post,https://www.washingtonpost.com/,0,5,0,0,5
2026-04-21,Upworthy,https://www.upworthy.com/,36,25,9,0,16
2026-04-21,VRT Nws,https://www.vrt.be/vrtnws/nl/,22,118,26,0,92
2026-04-21,Wired,www.wired.com,7,14,1,0,13
2026-04-22,BBC Top Stories,https://www.bbc.com/,13,55,7,0,48
2026-04-22,De Morgen,https://www.demorgen.be/,6,54,3,0,51
2026-04-22,De Standaard Binnenland,https://www.standaard.be/,0,13,0,0,13
2026-04-22,De Standaard Buitenland,https://www.standaard.be/buitenland/,5,21,1,0,20
2026-04-22,De Standaard Economie,https://www.standaard.be/economie/,0,18,0,0,18
2026-04-22,Frankfurter Allgemeine Zeitung,https://www.faz.net/aktuell/,0,1,0,0,1
2026-04-22,Gazet van Antwerpen,www.gva.be,10,134,13,3,118
2026-04-22,Good News Network,https://www.goodnewsnetwork.org/,43,7,3,0,4
2026-04-22,Het Laatste Nieuws,https://www.hln.be/,5,133,6,0,127
2026-04-22,Humo,https://www.humo.be/,8,13,1,0,12
2026-04-22,Le Figaro,https://www.lefigaro.fr/,2,51,1,0,50
2026-04-22,Microsoft Research,https://www.microsoft.com/en-us/research/,0,1,0,0,1
2026-04-22,NRC,www.nrc.nl,2,45,1,0,44
2026-04-22,Nature,https://www.nature.com,5,21,1,0,20
2026-04-22,Neue Zürcher Zeitung,www.nzz.ch,0,1,0,0,1
2026-04-22,Popular Science,https://popsci.com,25,8,2,0,6
2026-04-22,Positive News,https://www.positive.news/,50,2,1,0,1
2026-04-22,Science.org news,https://www.science.org/,50,2,1,0,1
2026-04-22,The Guardian,www.theguardian.com,4,47,2,0,45
2026-04-22,The Guardian Europe,https://www.theguardian.com/europe,4,25,1,0,24
2026-04-22,The New York Times,https://rss.nytimes.com/services/xml/rss/nyt/HomePage.xml,0,51,0,0,51
2026-04-22,The Verge,www.theverge.com,0,19,0,0,19
2026-04-22,The Washington Post,https://www.washingtonpost.com/,0,4,0,0,4
2026-04-22,Upworthy,https://www.upworthy.com/,31,13,4,0,9
2026-04-22,VRT Nws,https://www.vrt.be/vrtnws/nl/,11,72,8,2,62
2026-04-22,Wired,www.wired.com,0,35,0,0,35
2026-04-23,BBC Top Stories,https://www.bbc.com/,5,56,3,0,53
2026-04-23,De Morgen,https://www.demorgen.be/,2,62,1,1,60
2026-04-23,De Standaard Binnenland,https://www.standaard.be/,0,11,0,0,11
2026-04-23,De Standaard Buitenland,https://www.standaard.be/buitenland/,0,22,0,0,22
2026-04-23,De Standaard Economie,https://www.standaard.be/economie/,6,17,1,0,16
2026-04-23,Gazet van Antwerpen,www.gva.be,14,174,24,1,149
2026-04-23,Good News Network,https://www.goodnewsnetwork.org/,43,7,3,0,4
2026-04-23,Het Laatste Nieuws,https://www.hln.be/,4,158,7,0,151
2026-04-23,Humo,https://www.humo.be/,0,12,0,0,12
2026-04-23,Le Figaro,https://www.lefigaro.fr/,0,66,0,0,66
2026-04-23,NRC,www.nrc.nl,10,58,6,0,52
2026-04-23,Nature,https://www.nature.com,0,13,0,0,13
2026-04-23,Popular Science,https://popsci.com,20,10,2,0,8
2026-04-23,Positive News,https://www.positive.news/,0,1,0,0,1
2026-04-23,Rzeczpospolita Poland,https://www.rp.pl/,0,1,0,0,1
2026-04-23,Science.org news,https://www.science.org/,14,7,1,0,6
2026-04-23,The Guardian,www.theguardian.com,5,58,3,0,55
2026-04-23,The Guardian Europe,https://www.theguardian.com/europe,4,25,1,0,24
2026-04-23,The New York Times,https://rss.nytimes.com/services/xml/rss/nyt/HomePage.xml,3,59,2,0,57
2026-04-23,The Verge,www.theverge.com,0,28,0,0,28
2026-04-23,The Washington Post,https://www.washingtonpost.com/,0,6,0,0,6
2026-04-23,Upworthy,https://www.upworthy.com/,28,25,7,0,18
2026-04-23,VRT Nws,https://www.vrt.be/vrtnws/nl/,9,100,9,0,91
2026-04-23,Wired,www.wired.com,0,21,0,0,21
2026-04-24,BBC Top Stories,https://www.bbc.com/,5,43,2,0,41
2026-04-24,De Morgen,https://www.demorgen.be/,0,55,0,0,55
2026-04-24,De Standaard Binnenland,https://www.standaard.be/,0,10,0,0,10
2026-04-24,De Standaard Buitenland,https://www.standaard.be/buitenland/,4,24,1,0,23
2026-04-24,De Standaard Economie,https://www.standaard.be/economie/,8,24,2,0,22
2026-04-24,Frankfurter Allgemeine Zeitung,https://www.faz.net/aktuell/,0,1,0,0,1
2026-04-24,Gazet van Antwerpen,www.gva.be,17,214,37,0,177
2026-04-24,Good News Network,https://www.goodnewsnetwork.org/,44,9,4,0,5
2026-04-24,Het Laatste Nieuws,https://www.hln.be/,13,166,21,0,145
2026-04-24,Humo,https://www.humo.be/,6,16,1,0,15
2026-04-24,Le Figaro,https://www.lefigaro.fr/,5,73,4,0,69
2026-04-24,NRC,www.nrc.nl,5,61,3,0,58
2026-04-24,Nature,https://www.nature.com,0,11,0,0,11
2026-04-24,Popular Science,https://popsci.com,38,8,3,0,5
2026-04-24,Positive News,https://www.positive.news/,50,2,1,0,1
2026-04-24,Science.org news,https://www.science.org/,0,4,0,0,4
2026-04-24,The Guardian,www.theguardian.com,12,68,8,0,60
2026-04-24,The Guardian Europe,https://www.theguardian.com/europe,13,15,2,0,13
2026-04-24,The New York Times,https://rss.nytimes.com/services/xml/rss/nyt/HomePage.xml,0,51,0,0,51
2026-04-24,The Verge,www.theverge.com,0,19,0,0,19
2026-04-24,The Washington Post,https://www.washingtonpost.com/,0,3,0,0,3
2026-04-24,Upworthy,https://www.upworthy.com/,24,17,4,0,13
2026-04-24,VRT Nws,https://www.vrt.be/vrtnws/nl/,10,81,8,0,73
2026-04-24,Wired,www.wired.com,5,20,1,0,19
2026-04-25,BBC Top Stories,https://www.bbc.com/,10,42,4,0,38
2026-04-25,De Morgen,https://www.demorgen.be/,0,45,0,0,45
2026-04-25,De Standaard Binnenland,https://www.standaard.be/,0,2,0,0,2
2026-04-25,De Standaard Buitenland,https://www.standaard.be/buitenland/,0,10,0,0,10
2026-04-25,De Standaard Economie,https://www.standaard.be/economie/,0,1,0,0,1
2026-04-25,Gazet van Antwerpen,www.gva.be,16,193,30,0,163
2026-04-25,Good News Network,https://www.goodnewsnetwork.org/,43,7,3,0,4
2026-04-25,Het Laatste Nieuws,https://www.hln.be/,10,135,14,0,121
2026-04-25,Humo,https://www.humo.be/,9,11,1,0,10
2026-04-25,Le Figaro,https://www.lefigaro.fr/,5,64,3,0,61
2026-04-25,NRC,www.nrc.nl,5,20,1,0,19
2026-04-25,Neue Zürcher Zeitung,www.nzz.ch,0,1,0,0,1
2026-04-25,Popular Science,https://popsci.com,0,5,0,0,5
2026-04-25,Rzeczpospolita Poland,https://www.rp.pl/,50,2,1,0,1
2026-04-25,Science.org news,https://www.science.org/,0,1,0,0,1
2026-04-25,The Guardian,www.theguardian.com,9,47,4,0,43
2026-04-25,The Guardian Europe,https://www.theguardian.com/europe,20,10,2,0,8
2026-04-25,The New York Times,https://rss.nytimes.com/services/xml/rss/nyt/HomePage.xml,0,34,0,0,34
2026-04-25,The Verge,www.theverge.com,10,10,1,0,9
2026-04-25,The Washington Post,https://www.washingtonpost.com/,0,3,0,0,3
2026-04-25,Upworthy,https://www.upworthy.com/,45,20,9,0,11
2026-04-25,VRT Nws,https://www.vrt.be/vrtnws/nl/,19,68,13,0,55
2026-04-25,Wired,www.wired.com,0,6,0,0,6
2026-04-26,BBC Top Stories,https://www.bbc.com/,6,35,2,0,33
2026-04-26,De Morgen,https://www.demorgen.be/,3,37,1,0,36
2026-04-26,De Standaard Binnenland,https://www.standaard.be/,0,6,0,0,6
2026-04-26,De Standaard Buitenland,https://www.standaard.be/buitenland/,0,17,0,0,17
2026-04-26,De Standaard Economie,https://www.standaard.be/economie/,0,5,0,0,5
2026-04-26,Gazet van Antwerpen,www.gva.be,13,165,21,0,144
2026-04-26,Good News Network,https://www.goodnewsnetwork.org/,29,7,2,0,5
2026-04-26,Het Laatste Nieuws,https://www.hln.be/,8,171,13,0,158
2026-04-26,Humo,https://www.humo.be/,8,12,1,0,11
2026-04-26,Le Figaro,https://www.lefigaro.fr/,5,79,4,0,75
2026-04-26,NRC,www.nrc.nl,8,26,2,0,24
2026-04-26,Nature,https://www.nature.com,0,1,0,0,1
2026-04-26,Neue Zürcher Zeitung,www.nzz.ch,0,2,0,0,2
2026-04-26,Popular Science,https://popsci.com,0,3,0,0,3
2026-04-26,Rzeczpospolita Poland,https://www.rp.pl/,0,1,0,0,1
2026-04-26,The Guardian,www.theguardian.com,6,49,3,0,46
2026-04-26,The Guardian Europe,https://www.theguardian.com/europe,5,20,1,0,19
2026-04-26,The New York Times,https://rss.nytimes.com/services/xml/rss/nyt/HomePage.xml,0,43,0,0,43
2026-04-26,The Verge,www.theverge.com,0,6,0,0,6
2026-04-26,The Washington Post,https://www.washingtonpost.com/,0,3,0,0,3
2026-04-26,Upworthy,https://www.upworthy.com/,25,12,3,0,9
2026-04-26,VRT Nws,https://www.vrt.be/vrtnws/nl/,21,43,9,0,34
2026-04-26,Wired,www.wired.com,0,8,0,0,8
2026-04-27,BBC Top Stories,https://www.bbc.com/,3,40,1,0,39
2026-04-27,De Morgen,https://www.demorgen.be/,2,51,1,0,50
2026-04-27,De Standaard Binnenland,https://www.standaard.be/,0,10,0,0,10
2026-04-27,De Standaard Buitenland,https://www.standaard.be/buitenland/,0,20,0,0,20
2026-04-27,De Standaard Economie,https://www.standaard.be/economie/,8,12,1,0,11
2026-04-27,Frankfurter Allgemeine Zeitung,https://www.faz.net/aktuell/,0,1,0,0,1
2026-04-27,Gazet van Antwerpen,www.gva.be,6,170,11,0,159
2026-04-27,Good News Network,https://www.goodnewsnetwork.org/,40,5,2,0,3
2026-04-27,Het Laatste Nieuws,https://www.hln.be/,7,165,11,0,154
2026-04-27,Humo,https://www.humo.be/,0,21,0,0,21
2026-04-27,Le Figaro,https://www.lefigaro.fr/,2,66,1,0,65
2026-04-27,NRC,www.nrc.nl,0,31,0,0,31
2026-04-27,Nature,https://www.nature.com,0,8,0,0,8
2026-04-27,Popular Science,https://popsci.com,22,9,2,0,7
2026-04-27,Positive News,https://www.positive.news/,0,1,0,0,1
2026-04-27,Science.org news,https://www.science.org/,0,2,0,0,2
2026-04-27,The Guardian,www.theguardian.com,14,63,9,0,54
2026-04-27,The Guardian Europe,https://www.theguardian.com/europe,13,32,4,0,28
2026-04-27,The New York Times,https://rss.nytimes.com/services/xml/rss/nyt/HomePage.xml,6,54,3,0,51
2026-04-27,The Verge,www.theverge.com,0,21,0,0,21
2026-04-27,The Washington Post,https://www.washingtonpost.com/,0,5,0,0,5
2026-04-27,Upworthy,https://www.upworthy.com/,39,23,9,0,14
2026-04-27,VRT Nws,https://www.vrt.be/vrtnws/nl/,6,93,6,0,87
2026-04-27,Wired,www.wired.com,0,14,0,0,14
2026-04-28,BBC Top Stories,https://www.bbc.com/,9,66,6,0,60
2026-04-28,De Morgen,https://www.demorgen.be/,0,56,0,0,56
2026-04-28,De Standaard Binnenland,https://www.standaard.be/,0,15,0,0,15
2026-04-28,De Standaard Buitenland,https://www.standaard.be/buitenland/,0,15,0,0,15
2026-04-28,De Standaard Economie,https://www.standaard.be/economie/,7,15,1,0,14
2026-04-28,Gazet van Antwerpen,www.gva.be,7,138,9,0,129
2026-04-28,Good News Network,https://www.goodnewsnetwork.org/,44,9,4,0,5
2026-04-28,Het Laatste Nieuws,https://www.hln.be/,7,158,11,0,147
2026-04-28,Humo,https://www.humo.be/,13,15,2,0,13
2026-04-28,Le Figaro,https://www.lefigaro.fr/,1,71,1,0,70
2026-04-28,NRC,www.nrc.nl,6,47,3,0,44
2026-04-28,Nature,https://www.nature.com,0,14,0,0,14
2026-04-28,Popular Science,https://popsci.com,50,8,4,0,4
2026-04-28,Positive News,https://www.positive.news/,50,2,1,0,1
2026-04-28,Rzeczpospolita Poland,https://www.rp.pl/,0,1,0,0,1
2026-04-28,Science.org news,https://www.science.org/,25,4,1,0,3
2026-04-28,The Guardian,www.theguardian.com,6,66,4,0,62
2026-04-28,The Guardian Europe,https://www.theguardian.com/europe,8,25,2,0,23
2026-04-28,The New York Times,https://rss.nytimes.com/services/xml/rss/nyt/HomePage.xml,4,52,2,0,50
2026-04-28,The Verge,www.theverge.com,4,27,1,0,26
2026-04-28,The Washington Post,https://www.washingtonpost.com/,0,2,0,0,2
2026-04-28,Upworthy,https://www.upworthy.com/,13,15,2,0,13
2026-04-28,VRT Nws,https://www.vrt.be/vrtnws/nl/,2,101,2,0,99
2026-04-28,Wired,www.wired.com,4,24,1,0,23
2026-04-29,BBC Top Stories,https://www.bbc.com/,5,40,2,0,38
2026-04-29,De Morgen,https://www.demorgen.be/,3,63,2,0,61
2026-04-29,De Standaard Binnenland,https://www.standaard.be/,0,11,0,0,11
2026-04-29,De Standaard Buitenland,https://www.standaard.be/buitenland/,0,31,0,0,31
2026-04-29,De Standaard Economie,https://www.standaard.be/economie/,0,14,0,0,14
2026-04-29,Frankfurter Allgemeine Zeitung,https://www.faz.net/aktuell/,0,3,0,0,3
2026-04-29,Gazet van Antwerpen,www.gva.be,4,180,7,0,173
2026-04-29,Good News Network,https://www.goodnewsnetwork.org/,40,5,2,0,3
2026-04-29,Het Laatste Nieuws,https://www.hln.be/,2,171,4,0,167
2026-04-29,Humo,https://www.humo.be/,0,14,0,0,14
2026-04-29,Le Figaro,https://www.lefigaro.fr/,0,72,0,0,72
2026-04-29,NRC,www.nrc.nl,2,49,1,0,48
2026-04-29,Nature,https://www.nature.com,4,23,1,0,22
2026-04-29,Popular Science,https://popsci.com,11,9,1,0,8
2026-04-29,Positive News,https://www.positive.news/,100,1,1,0,0
2026-04-29,Science.org news,https://www.science.org/,25,8,2,0,6
2026-04-29,The Guardian,www.theguardian.com,5,56,3,0,53
2026-04-29,The Guardian Europe,https://www.theguardian.com/europe,12,41,5,0,36
2026-04-29,The New York Times,https://rss.nytimes.com/services/xml/rss/nyt/HomePage.xml,0,50,0,0,50
2026-04-29,The Verge,www.theverge.com,0,24,0,0,24
2026-04-29,The Washington Post,https://www.washingtonpost.com/,0,3,0,0,3
2026-04-29,Upworthy,https://www.upworthy.com/,24,17,4,0,13
2026-04-29,VRT Nws,https://www.vrt.be/vrtnws/nl/,0,112,0,0,112
2026-04-29,Wired,www.wired.com,0,18,0,0,18
2026-04-30,BBC Top Stories,https://www.bbc.com/,0,21,0,0,21
2026-04-30,De Morgen,https://www.demorgen.be/,0,28,0,0,28
2026-04-30,De Standaard Binnenland,https://www.standaard.be/,0,3,0,0,3
2026-04-30,De Standaard Buitenland,https://www.standaard.be/buitenland/,8,12,1,0,11
2026-04-30,De Standaard Economie,https://www.standaard.be/economie/,0,11,0,0,11
2026-04-30,Frankfurter Allgemeine Zeitung,https://www.faz.net/aktuell/,0,2,0,0,2
2026-04-30,Gazet van Antwerpen,www.gva.be,0,36,0,0,36
2026-04-30,Good News Network,https://www.goodnewsnetwork.org/,63,8,5,0,3
2026-04-30,Het Laatste Nieuws,https://www.hln.be/,0,58,0,0,58
2026-04-30,Humo,https://www.humo.be/,0,9,0,0,9
2026-04-30,Le Figaro,https://www.lefigaro.fr/,0,21,0,0,21
2026-04-30,Microsoft Research,https://www.microsoft.com/en-us/research/,0,1,0,0,1
2026-04-30,NRC,www.nrc.nl,0,17,0,0,17
2026-04-30,Nature,https://www.nature.com,14,14,2,0,12
2026-04-30,Neue Zürcher Zeitung,www.nzz.ch,0,1,0,0,1
2026-04-30,Popular Science,https://popsci.com,29,7,2,0,5
2026-04-30,Science.org news,https://www.science.org/,0,6,0,0,6
2026-04-30,The Guardian,www.theguardian.com,7,15,1,0,14
2026-04-30,The Guardian Europe,https://www.theguardian.com/europe,0,24,0,0,24
2026-04-30,The New York Times,https://rss.nytimes.com/services/xml/rss/nyt/HomePage.xml,0,39,0,0,39
2026-04-30,The Verge,www.theverge.com,0,19,0,0,19
2026-04-30,The Washington Post,https://www.washingtonpost.com/,0,3,0,0,3
2026-04-30,Upworthy,https://www.upworthy.com/,40,30,12,0,18
2026-04-30,VRT Nws,https://www.vrt.be/vrtnws/nl/,0,15,0,0,15
2026-04-30,Wired,www.wired.com,8,13,1,0,12
2026-05-01,BBC Top Stories,https://www.bbc.com/,3,31,1,0,30
2026-05-01,De Morgen,https://www.demorgen.be/,4,24,1,0,23
2026-05-01,De Standaard Binnenland,https://www.standaard.be/,0,5,0,0,5
2026-05-01,De Standaard Buitenland,https://www.standaard.be/buitenland/,0,19,0,0,19
2026-05-01,De Standaard Economie,https://www.standaard.be/economie/,8,13,1,0,12
2026-05-01,El pais,Https://elpais.com,0,1,0,0,1
2026-05-01,Frankfurter Allgemeine Zeitung,https://www.faz.net/aktuell/,0,1,0,0,1
2026-05-01,Gazet van Antwerpen,www.gva.be,1,69,1,0,68
2026-05-01,Good News Network,https://www.goodnewsnetwork.org/,50,4,2,0,2
2026-05-01,Het Laatste Nieuws,https://www.hln.be/,0,61,0,0,61
2026-05-01,Humo,https://www.humo.be/,0,15,0,0,15
2026-05-01,Le Figaro,https://www.lefigaro.fr/,4,27,1,0,26
2026-05-01,NRC,www.nrc.nl,2,49,1,0,48
2026-05-01,Nature,https://www.nature.com,20,10,2,0,8
2026-05-01,Neue Zürcher Zeitung,www.nzz.ch,0,4,0,0,4
2026-05-01,Popular Science,https://popsci.com,17,6,1,0,5
2026-05-01,Positive News,https://www.positive.news/,50,2,1,0,1
2026-05-01,Rzeczpospolita Poland,https://www.rp.pl/,0,1,0,0,1
2026-05-01,Science.org news,https://www.science.org/,33,3,1,0,2
2026-05-01,The Guardian,www.theguardian.com,0,27,0,0,27
2026-05-01,The Guardian Europe,https://www.theguardian.com/europe,7,14,1,0,13
2026-05-01,The New York Times,https://rss.nytimes.com/services/xml/rss/nyt/HomePage.xml,3,29,1,0,28
2026-05-01,The Verge,www.theverge.com,0,22,0,0,22
2026-05-01,The Washington Post,https://www.washingtonpost.com/,0,1,0,0,1
2026-05-01,Upworthy,https://www.upworthy.com/,31,16,5,0,11
2026-05-01,VRT Nws,https://www.vrt.be/vrtnws/nl/,0,36,0,0,36
2026-05-01,Wired,www.wired.com,5,19,1,0,18
2026-05-02,BBC Top Stories,https://www.bbc.com/,0,19,0,0,19
2026-05-02,De Morgen,https://www.demorgen.be/,9,33,3,0,30
2026-05-02,De Standaard Binnenland,https://www.standaard.be/,0,6,0,0,6
2026-05-02,De Standaard Buitenland,https://www.standaard.be/buitenland/,9,11,1,0,10
2026-05-02,De Standaard Economie,https://www.standaard.be/economie/,0,2,0,0,2
2026-05-02,El pais,Https://elpais.com,0,3,0,0,3
2026-05-02,Euroactiv,www.euractiv.com,0,2,0,0,2
2026-05-02,Euronews,www.euronews.com,0,4,0,0,4
2026-05-02,Frankfurter Allgemeine Zeitung,https://www.faz.net/aktuell/,0,6,0,0,6
2026-05-02,Gazet van Antwerpen,www.gva.be,0,90,0,0,90
2026-05-02,Good News Network,https://www.goodnewsnetwork.org/,29,7,2,0,5
2026-05-02,Het Laatste Nieuws,https://www.hln.be/,1,80,1,0,79
2026-05-02,Humo,https://www.humo.be/,0,12,0,0,12
2026-05-02,Le Figaro,https://www.lefigaro.fr/,3,33,1,0,32
2026-05-02,NRC,www.nrc.nl,0,17,0,0,17
2026-05-02,Neue Zürcher Zeitung,www.nzz.ch,0,3,0,0,3
2026-05-02,Popular Science,https://popsci.com,0,3,0,0,3
2026-05-02,The Guardian,www.theguardian.com,0,22,0,0,22
2026-05-02,The Guardian Europe,https://www.theguardian.com/europe,0,10,0,0,10
2026-05-02,The New York Times,https://rss.nytimes.com/services/xml/rss/nyt/HomePage.xml,0,17,0,0,17
2026-05-02,The Verge,www.theverge.com,0,6,0,0,6
2026-05-02,The Washington Post,https://www.washingtonpost.com/,0,1,0,0,1
2026-05-02,Upworthy,https://www.upworthy.com/,29,7,2,0,5
2026-05-02,VRT Nws,https://www.vrt.be/vrtnws/nl/,2,41,1,0,40
2026-05-02,Wired,www.wired.com,0,17,0,0,17
2026-05-03,BBC Top Stories,https://www.bbc.com/,4,24,1,0,23
2026-05-03,DR (Danish Public broadcaster),https://www.dr.dk/,0,14,0,0,14
2026-05-03,Dagens Nyheter,www.dn.se,4,26,1,0,25
2026-05-03,De Morgen,https://www.demorgen.be/,0,21,0,0,21
2026-05-03,De Standaard Binnenland,https://www.standaard.be/,0,10,0,0,10
2026-05-03,De Standaard Buitenland,https://www.standaard.be/buitenland/,0,16,0,0,16
2026-05-03,De Standaard Economie,https://www.standaard.be/economie/,0,4,0,0,4
2026-05-03,El pais,Https://elpais.com,17,6,1,0,5
2026-05-03,Euroactiv,www.euractiv.com,0,8,0,0,8
2026-05-03,Euronews,www.euronews.com,0,8,0,0,8
2026-05-03,Frankfurter Allgemeine Zeitung,https://www.faz.net/aktuell/,3,39,1,0,38
2026-05-03,Gazet van Antwerpen,www.gva.be,0,121,0,0,121
2026-05-03,Good News Network,https://www.goodnewsnetwork.org/,40,5,2,0,3
2026-05-03,Het Laatste Nieuws,https://www.hln.be/,0,93,0,0,93
2026-05-03,Humo,https://www.humo.be/,0,16,0,0,16
2026-05-03,Le Figaro,https://www.lefigaro.fr/,0,31,0,0,31
2026-05-03,Le Monde,www.lemonde.fr,0,23,0,0,23
2026-05-03,NRC,www.nrc.nl,0,25,0,0,25
2026-05-03,Neue Zürcher Zeitung,www.nzz.ch,0,14,0,0,14
2026-05-03,Politiken.dk,www.politiken.dk,0,35,0,0,35
2026-05-03,Popular Science,https://popsci.com,0,3,0,0,3
2026-05-03,Rzeczpospolita Poland,https://www.rp.pl/,4,27,1,0,26
2026-05-03,The Guardian,www.theguardian.com,0,23,0,0,23
2026-05-03,The Guardian Europe,https://www.theguardian.com/europe,0,8,0,0,8
2026-05-03,The New York Times,https://rss.nytimes.com/services/xml/rss/nyt/HomePage.xml,0,22,0,0,22
2026-05-03,The Verge,www.theverge.com,0,5,0,0,5
2026-05-03,The Washington Post,https://www.washingtonpost.com/,0,2,0,0,2
2026-05-03,Upworthy,https://www.upworthy.com/,20,5,1,0,4
2026-05-03,VRT Nws,https://www.vrt.be/vrtnws/nl/,2,43,1,0,42
2026-05-03,Wired,www.wired.com,0,11,0,0,11
2026-05-04,BBC Top Stories,https://www.bbc.com/,0,20,0,0,20
2026-05-04,DR (Danish Public broadcaster),https://www.dr.dk/,0,24,0,0,24
2026-05-04,Dagens Nyheter,www.dn.se,0,62,0,0,62
2026-05-04,De Morgen,https://www.demorgen.be/,0,48,0,0,48
2026-05-04,De Standaard Binnenland,https://www.standaard.be/,0,13,0,0,13
2026-05-04,De Standaard Buitenland,https://www.standaard.be/buitenland/,0,27,0,0,27
2026-05-04,De Standaard Economie,https://www.standaard.be/economie/,0,16,0,0,16
2026-05-04,El pais,Https://elpais.com,0,10,0,0,10
2026-05-04,Euroactiv,www.euractiv.com,0,17,0,0,17
2026-05-04,Euronews,www.euronews.com,0,17,0,0,17
2026-05-04,Frankfurter Allgemeine Zeitung,https://www.faz.net/aktuell/,0,52,0,0,52
2026-05-04,Gazet van Antwerpen,www.gva.be,1,144,2,0,142
2026-05-04,Good News Network,https://www.goodnewsnetwork.org/,57,7,4,0,3
2026-05-04,Het Laatste Nieuws,https://www.hln.be/,1,130,1,0,129
2026-05-04,Humo,https://www.humo.be/,0,25,0,0,25
2026-05-04,Le Figaro,https://www.lefigaro.fr/,0,45,0,0,45
2026-05-04,Le Monde,www.lemonde.fr,0,49,0,0,49
2026-05-04,NRC,www.nrc.nl,2,48,1,0,47
2026-05-04,Nature,https://www.nature.com,33,3,1,0,2
2026-05-04,Neue Zürcher Zeitung,www.nzz.ch,0,19,0,0,19
2026-05-04,Politiken.dk,www.politiken.dk,0,59,0,0,59
2026-05-04,Popular Science,https://popsci.com,38,8,3,0,5
2026-05-04,Positive News,https://www.positive.news/,50,2,1,0,1
2026-05-04,Rzeczpospolita Poland,https://www.rp.pl/,1,106,1,0,105
2026-05-04,Science.org news,https://www.science.org/,50,2,1,0,1
2026-05-04,The Guardian,www.theguardian.com,10,29,3,0,26
2026-05-04,The Guardian Europe,https://www.theguardian.com/europe,13,16,2,0,14
2026-05-04,The New York Times,https://rss.nytimes.com/services/xml/rss/nyt/HomePage.xml,0,29,0,0,29
2026-05-04,The Verge,www.theverge.com,0,13,0,0,13
2026-05-04,The Washington Post,https://www.washingtonpost.com/,0,2,0,0,2
2026-05-04,Upworthy,https://www.upworthy.com/,43,7,3,0,4
2026-05-04,VRT Nws,https://www.vrt.be/vrtnws/nl/,0,73,0,0,73
2026-05-04,Wired,www.wired.com,6,17,1,0,16
2026-05-05,BBC Top Stories,https://www.bbc.com/,0,28,0,0,28
2026-05-05,DR (Danish Public broadcaster),https://www.dr.dk/,0,31,0,0,31
2026-05-05,Dagens Nyheter,www.dn.se,2,61,1,0,60
2026-05-05,De Morgen,https://www.demorgen.be/,4,54,2,0,52
2026-05-05,De Standaard Binnenland,https://www.standaard.be/,0,10,0,0,10
2026-05-05,De Standaard Buitenland,https://www.standaard.be/buitenland/,0,28,0,0,28
2026-05-05,De Standaard Economie,https://www.standaard.be/economie/,0,12,0,0,12
2026-05-05,El pais,Https://elpais.com,0,13,0,0,13
2026-05-05,Euroactiv,www.euractiv.com,3,29,1,0,28
2026-05-05,Euronews,www.euronews.com,0,20,0,0,20
2026-05-05,Frankfurter Allgemeine Zeitung,https://www.faz.net/aktuell/,0,56,0,0,56
2026-05-05,Gazet van Antwerpen,www.gva.be,0,134,0,0,134
2026-05-05,Good News Network,https://www.goodnewsnetwork.org/,50,6,3,0,3
2026-05-05,Het Laatste Nieuws,https://www.hln.be/,1,127,1,0,126
2026-05-05,Humo,https://www.humo.be/,0,23,0,0,23
2026-05-05,Le Figaro,https://www.lefigaro.fr/,0,44,0,0,44
2026-05-05,Le Monde,www.lemonde.fr,0,56,0,0,56
2026-05-05,Microsoft Research,https://www.microsoft.com/en-us/research/,0,1,0,0,1
2026-05-05,NRC,www.nrc.nl,0,34,0,0,34
2026-05-05,Nature,https://www.nature.com,14,14,2,0,12
2026-05-05,Neue Zürcher Zeitung,www.nzz.ch,0,22,0,0,22
2026-05-05,Politiken.dk,www.politiken.dk,0,63,0,0,63
2026-05-05,Popular Science,https://popsci.com,38,8,3,0,5
2026-05-05,Positive News,https://www.positive.news/,100,1,1,0,0
2026-05-05,Rzeczpospolita Poland,https://www.rp.pl/,0,108,0,0,108
2026-05-05,Science.org news,https://www.science.org/,0,2,0,0,2
2026-05-05,The Guardian,www.theguardian.com,3,30,1,0,29
2026-05-05,The Guardian Europe,https://www.theguardian.com/europe,0,19,0,0,19
2026-05-05,The New York Times,https://rss.nytimes.com/services/xml/rss/nyt/HomePage.xml,3,34,1,0,33
2026-05-05,The Verge,www.theverge.com,0,24,0,0,24
2026-05-05,The Washington Post,https://www.washingtonpost.com/,0,6,0,0,6
2026-05-05,Upworthy,https://www.upworthy.com/,25,20,5,0,15
2026-05-05,VRT Nws,https://www.vrt.be/vrtnws/nl/,1,71,1,0,70
2026-05-05,Wired,www.wired.com,0,19,0,0,19
2026-05-06,BBC Top Stories,https://www.bbc.com/,0,34,0,0,34
2026-05-06,DR (Danish Public broadcaster),https://www.dr.dk/,0,27,0,0,27
2026-05-06,Dagens Nyheter,www.dn.se,0,70,0,0,70
2026-05-06,De Morgen,https://www.demorgen.be/,0,53,0,0,53
2026-05-06,De Standaard Binnenland,https://www.standaard.be/,0,20,0,0,20
2026-05-06,De Standaard Buitenland,https://www.standaard.be/buitenland/,0,19,0,0,19
2026-05-06,De Standaard Economie,https://www.standaard.be/economie/,0,15,0,0,15
2026-05-06,El pais,Https://elpais.com,0,11,0,0,11
2026-05-06,Euroactiv,www.euractiv.com,0,20,0,0,20
2026-05-06,Euronews,www.euronews.com,0,16,0,0,16
2026-05-06,Frankfurter Allgemeine Zeitung,https://www.faz.net/aktuell/,1,67,1,0,66
2026-05-06,Gazet van Antwerpen,www.gva.be,2,132,2,0,130
2026-05-06,Good News Network,https://www.goodnewsnetwork.org/,57,7,4,0,3
2026-05-06,Het Laatste Nieuws,https://www.hln.be/,0,126,0,0,126
2026-05-06,Humo,https://www.humo.be/,0,15,0,0,15
2026-05-06,Le Figaro,https://www.lefigaro.fr/,0,47,0,0,47
2026-05-06,Le Monde,www.lemonde.fr,0,59,0,0,59
2026-05-06,NRC,www.nrc.nl,2,45,1,0,44
2026-05-06,Nature,https://www.nature.com,21,19,4,0,15
2026-05-06,Neue Zürcher Zeitung,www.nzz.ch,0,22,0,0,22
2026-05-06,Politiken.dk,www.politiken.dk,2,47,1,0,46
2026-05-06,Popular Science,https://popsci.com,13,8,1,0,7
2026-05-06,Positive News,https://www.positive.news/,0,1,0,0,1
2026-05-06,Rzeczpospolita Poland,https://www.rp.pl/,2,90,2,0,88
2026-05-06,Science.org news,https://www.science.org/,33,3,1,0,2
2026-05-06,The Guardian,www.theguardian.com,3,29,1,0,28
2026-05-06,The Guardian Europe,https://www.theguardian.com/europe,12,17,2,0,15
2026-05-06,The New York Times,https://rss.nytimes.com/services/xml/rss/nyt/HomePage.xml,3,39,1,0,38
2026-05-06,The Verge,www.theverge.com,4,23,1,0,22
2026-05-06,The Washington Post,https://www.washingtonpost.com/,0,4,0,0,4
2026-05-06,Upworthy,https://www.upworthy.com/,18,17,3,0,14
2026-05-06,VRT Nws,https://www.vrt.be/vrtnws/nl/,0,73,0,0,73
2026-05-06,Wired,www.wired.com,0,31,0,0,31
2026-05-07,BBC Top Stories,https://www.bbc.com/,0,36,0,0,36
2026-05-07,Chain of thought,https://every.to/chain-of-thought,0,1,0,0,1
2026-05-07,DR (Danish Public broadcaster),https://www.dr.dk/,0,28,0,0,28
2026-05-07,Dagens Nyheter,www.dn.se,2,64,1,0,63
2026-05-07,De Morgen,https://www.demorgen.be/,0,46,0,0,46
2026-05-07,De Standaard Binnenland,https://www.standaard.be/,0,11,0,0,11
2026-05-07,De Standaard Buitenland,https://www.standaard.be/buitenland/,0,24,0,0,24
2026-05-07,De Standaard Economie,https://www.standaard.be/economie/,0,18,0,0,18
2026-05-07,El pais,Https://elpais.com,0,11,0,0,11
2026-05-07,Euroactiv,www.euractiv.com,0,23,0,0,23
2026-05-07,Euronews,www.euronews.com,5,20,1,0,19
2026-05-07,Frankfurter Allgemeine Zeitung,https://www.faz.net/aktuell/,0,58,0,0,58
2026-05-07,Gazet van Antwerpen,www.gva.be,2,140,3,0,137
2026-05-07,Good News Network,https://www.goodnewsnetwork.org/,75,4,3,0,1
2026-05-07,Het Laatste Nieuws,https://www.hln.be/,1,122,1,0,121
2026-05-07,Humo,https://www.humo.be/,0,16,0,0,16
2026-05-07,Le Figaro,https://www.lefigaro.fr/,0,52,0,0,52
2026-05-07,Le Monde,www.lemonde.fr,2,60,1,0,59
2026-05-07,NRC,www.nrc.nl,0,47,0,0,47
2026-05-07,Nature,https://www.nature.com,14,7,1,0,6
2026-05-07,Neue Zürcher Zeitung,www.nzz.ch,0,22,0,0,22
2026-05-07,Politiken.dk,www.politiken.dk,2,41,1,0,40
2026-05-07,Popular Science,https://popsci.com,22,9,2,0,7
2026-05-07,Positive News,https://www.positive.news/,100,1,1,0,0
2026-05-07,Rzeczpospolita Poland,https://www.rp.pl/,1,103,1,0,102
2026-05-07,Science.org news,https://www.science.org/,50,4,2,0,2
2026-05-07,The Guardian,www.theguardian.com,6,35,2,0,33
2026-05-07,The Guardian Europe,https://www.theguardian.com/europe,0,20,0,0,20
2026-05-07,The New York Times,https://rss.nytimes.com/services/xml/rss/nyt/HomePage.xml,3,35,1,0,34
2026-05-07,The Verge,www.theverge.com,5,20,1,0,19
2026-05-07,The Washington Post,https://www.washingtonpost.com/,0,7,0,0,7
2026-05-07,Upworthy,https://www.upworthy.com/,25,24,6,0,18
2026-05-07,VRT Nws,https://www.vrt.be/vrtnws/nl/,1,72,1,0,71
2026-05-07,Wired,www.wired.com,0,22,0,0,22
2026-05-08,BBC Top Stories,https://www.bbc.com/,0,28,0,0,28
2026-05-08,DR (Danish Public broadcaster),https://www.dr.dk/,0,39,0,0,39
2026-05-08,Dagens Nyheter,www.dn.se,1,69,1,0,68
2026-05-08,De Morgen,https://www.demorgen.be/,0,46,0,0,46
2026-05-08,De Standaard Binnenland,https://www.standaard.be/,0,13,0,0,13
2026-05-08,De Standaard Buitenland,https://www.standaard.be/buitenland/,0,22,0,0,22
2026-05-08,De Standaard Economie,https://www.standaard.be/economie/,0,19,0,0,19
2026-05-08,El pais,Https://elpais.com,0,11,0,0,11
2026-05-08,Euroactiv,www.euractiv.com,0,23,0,0,23
2026-05-08,Euronews,www.euronews.com,6,18,1,0,17
2026-05-08,Frankfurter Allgemeine Zeitung,https://www.faz.net/aktuell/,0,55,0,0,55
2026-05-08,Gazet van Antwerpen,www.gva.be,1,142,1,0,141
2026-05-08,Good News Network,https://www.goodnewsnetwork.org/,60,5,3,0,2
2026-05-08,Het Laatste Nieuws,https://www.hln.be/,2,118,2,0,116
2026-05-08,Humo,https://www.humo.be/,0,16,0,0,16
2026-05-08,Le Figaro,https://www.lefigaro.fr/,3,36,1,0,35
2026-05-08,Le Monde,www.lemonde.fr,0,55,0,0,55
2026-05-08,Microsoft Research,https://www.microsoft.com/en-us/research/,0,1,0,0,1
2026-05-08,NRC,www.nrc.nl,0,50,0,0,50
2026-05-08,Nature,https://www.nature.com,17,12,2,0,10
2026-05-08,Neue Zürcher Zeitung,www.nzz.ch,0,24,0,0,24
2026-05-08,Politiken.dk,www.politiken.dk,0,55,0,0,55
2026-05-08,Popular Science,https://popsci.com,38,8,3,0,5
2026-05-08,Positive News,https://www.positive.news/,33,3,1,0,2
2026-05-08,Rzeczpospolita Poland,https://www.rp.pl/,0,103,0,0,103
2026-05-08,Science.org news,https://www.science.org/,0,4,0,0,4
2026-05-08,The Guardian,www.theguardian.com,0,31,0,0,31
2026-05-08,The Guardian Europe,https://www.theguardian.com/europe,0,17,0,0,17
2026-05-08,The New York Times,https://rss.nytimes.com/services/xml/rss/nyt/HomePage.xml,0,36,0,0,36
2026-05-08,The Verge,www.theverge.com,0,25,0,0,25
2026-05-08,The Washington Post,https://www.washingtonpost.com/,0,3,0,0,3
2026-05-08,Upworthy,https://www.upworthy.com/,20,15,3,0,12
2026-05-08,VRT Nws,https://www.vrt.be/vrtnws/nl/,1,72,1,0,71
2026-05-08,Wired,www.wired.com,7,14,1,0,13
2026-05-09,BBC Top Stories,https://www.bbc.com/,0,27,0,0,27
2026-05-09,DR (Danish Public broadcaster),https://www.dr.dk/,0,23,0,0,23
2026-05-09,Dagens Nyheter,www.dn.se,0,50,0,0,50
2026-05-09,De Morgen,https://www.demorgen.be/,0,42,0,0,42
2026-05-09,De Standaard Binnenland,https://www.standaard.be/,0,2,0,0,2
2026-05-09,De Standaard Buitenland,https://www.standaard.be/buitenland/,0,11,0,0,11
2026-05-09,El pais,Https://elpais.com,0,6,0,0,6
2026-05-09,Euroactiv,www.euractiv.com,0,7,0,0,7
2026-05-09,Euronews,www.euronews.com,0,12,0,0,12
2026-05-09,Frankfurter Allgemeine Zeitung,https://www.faz.net/aktuell/,0,41,0,0,41
2026-05-09,Gazet van Antwerpen,www.gva.be,0,142,0,0,142
2026-05-09,Good News Network,https://www.goodnewsnetwork.org/,33,6,2,0,4
2026-05-09,Het Laatste Nieuws,https://www.hln.be/,1,124,1,0,123
2026-05-09,Humo,https://www.humo.be/,0,17,0,0,17
2026-05-09,Le Figaro,https://www.lefigaro.fr/,0,34,0,0,34
2026-05-09,Le Monde,www.lemonde.fr,2,53,1,0,52
2026-05-09,NRC,www.nrc.nl,0,16,0,0,16
2026-05-09,Neue Zürcher Zeitung,www.nzz.ch,0,19,0,0,19
2026-05-09,Politiken.dk,www.politiken.dk,0,46,0,0,46
2026-05-09,Popular Science,https://popsci.com,33,3,1,0,2
2026-05-09,Rzeczpospolita Poland,https://www.rp.pl/,2,46,1,0,45
2026-05-09,Science.org news,https://www.science.org/,0,1,0,0,1
2026-05-09,The Guardian,www.theguardian.com,5,20,1,0,19
2026-05-09,The Guardian Europe,https://www.theguardian.com/europe,0,11,0,0,11
2026-05-09,The New York Times,https://rss.nytimes.com/services/xml/rss/nyt/HomePage.xml,0,18,0,0,18
2026-05-09,The Verge,www.theverge.com,0,5,0,0,5
2026-05-09,The Washington Post,https://www.washingtonpost.com/,0,1,0,0,1
2026-05-09,Upworthy,https://www.upworthy.com/,25,8,2,0,6
2026-05-09,VRT Nws,https://www.vrt.be/vrtnws/nl/,2,48,1,0,47
2026-05-09,Wired,www.wired.com,0,9,0,0,9
2026-05-10,BBC Top Stories,https://www.bbc.com/,0,27,0,0,27
2026-05-10,DR (Danish Public broadcaster),https://www.dr.dk/,0,20,0,0,20
2026-05-10,Dagens Nyheter,www.dn.se,0,46,0,0,46
2026-05-10,De Morgen,https://www.demorgen.be/,0,33,0,0,33
2026-05-10,De Standaard Binnenland,https://www.standaard.be/,0,4,0,0,4
2026-05-10,De Standaard Buitenland,https://www.standaard.be/buitenland/,0,15,0,0,15
2026-05-10,De Standaard Economie,https://www.standaard.be/economie/,0,8,0,0,8
2026-05-10,El pais,Https://elpais.com,11,9,1,0,8
2026-05-10,Euroactiv,www.euractiv.com,0,3,0,0,3
2026-05-10,Euronews,www.euronews.com,0,11,0,0,11
2026-05-10,Frankfurter Allgemeine Zeitung,https://www.faz.net/aktuell/,0,44,0,0,44
2026-05-10,Gazet van Antwerpen,www.gva.be,1,148,2,0,146
2026-05-10,Good News Network,https://www.goodnewsnetwork.org/,0,4,0,0,4
2026-05-10,Het Laatste Nieuws,https://www.hln.be/,2,125,2,0,123
2026-05-10,Humo,https://www.humo.be/,0,15,0,0,15
2026-05-10,Le Figaro,https://www.lefigaro.fr/,0,33,0,0,33
2026-05-10,Le Monde,www.lemonde.fr,0,47,0,0,47
2026-05-10,NRC,www.nrc.nl,0,23,0,0,23
2026-05-10,Neue Zürcher Zeitung,www.nzz.ch,0,22,0,0,22
2026-05-10,Politiken.dk,www.politiken.dk,0,50,0,0,50
2026-05-10,Popular Science,https://popsci.com,0,4,0,0,4
2026-05-10,Rzeczpospolita Poland,https://www.rp.pl/,0,55,0,0,55
2026-05-10,The Guardian,www.theguardian.com,11,19,2,0,17
2026-05-10,The Guardian Europe,https://www.theguardian.com/europe,0,9,0,0,9
2026-05-10,The New York Times,https://rss.nytimes.com/services/xml/rss/nyt/HomePage.xml,0,19,0,0,19
2026-05-10,The Verge,www.theverge.com,0,6,0,0,6
2026-05-10,The Washington Post,https://www.washingtonpost.com/,0,3,0,0,3
2026-05-10,Upworthy,https://www.upworthy.com/,13,8,1,0,7
2026-05-10,VRT Nws,https://www.vrt.be/vrtnws/nl/,0,35,0,0,35
2026-05-10,Wired,www.wired.com,0,4,0,0,4
2026-05-11,BBC Top Stories,https://www.bbc.com/,0,28,0,0,28
2026-05-11,DR (Danish Public broadcaster),https://www.dr.dk/,0,28,0,0,28
2026-05-11,Dagens Nyheter,www.dn.se,0,49,0,0,49
2026-05-11,De Morgen,https://www.demorgen.be/,2,44,1,0,43
2026-05-11,De Standaard Binnenland,https://www.standaard.be/,0,8,0,0,8
2026-05-11,De Standaard Buitenland,https://www.standaard.be/buitenland/,0,18,0,0,18
2026-05-11,De Standaard Economie,https://www.standaard.be/economie/,0,19,0,0,19
2026-05-11,El pais,Https://elpais.com,0,13,0,0,13
2026-05-11,Euroactiv,www.euractiv.com,0,22,0,0,22
2026-05-11,Euronews,www.euronews.com,4,25,1,0,24
2026-05-11,Frankfurter Allgemeine Zeitung,https://www.faz.net/aktuell/,0,59,0,0,59
2026-05-11,Gazet van Antwerpen,www.gva.be,1,139,1,0,138
2026-05-11,Good News Network,https://www.goodnewsnetwork.org/,57,7,4,0,3
2026-05-11,Het Laatste Nieuws,https://www.hln.be/,0,115,0,0,115
2026-05-11,Humo,https://www.humo.be/,0,31,0,0,31
2026-05-11,Le Figaro,https://www.lefigaro.fr/,0,31,0,0,31
2026-05-11,Le Monde,www.lemonde.fr,0,55,0,0,55
2026-05-11,Microsoft Research,https://www.microsoft.com/en-us/research/,0,1,0,0,1
2026-05-11,NRC,www.nrc.nl,0,43,0,0,43
2026-05-11,Nature,https://www.nature.com,38,8,3,0,5
2026-05-11,Neue Zürcher Zeitung,www.nzz.ch,0,19,0,0,19
2026-05-11,Politiken.dk,www.politiken.dk,0,47,0,0,47
2026-05-11,Popular Science,https://popsci.com,29,7,2,0,5
2026-05-11,Positive News,https://www.positive.news/,0,1,0,0,1
2026-05-11,Rzeczpospolita Poland,https://www.rp.pl/,1,96,1,0,95
2026-05-11,Science.org news,https://www.science.org/,0,1,0,0,1
2026-05-11,The Guardian,www.theguardian.com,8,25,2,0,23
2026-05-11,The Guardian Europe,https://www.theguardian.com/europe,5,20,1,0,19
2026-05-11,The New York Times,https://rss.nytimes.com/services/xml/rss/nyt/HomePage.xml,3,37,1,0,36
2026-05-11,The Verge,www.theverge.com,0,20,0,0,20
2026-05-11,The Washington Post,https://www.washingtonpost.com/,0,3,0,0,3
2026-05-11,Upworthy,https://www.upworthy.com/,45,11,5,0,6
2026-05-11,VRT Nws,https://www.vrt.be/vrtnws/nl/,0,57,0,0,57
2026-05-11,Wired,www.wired.com,0,11,0,0,11
2026-05-12,BBC Top Stories,https://www.bbc.com/,0,34,0,0,34
2026-05-12,DR (Danish Public broadcaster),https://www.dr.dk/,0,27,0,0,27
2026-05-12,Dagens Nyheter,www.dn.se,1,70,1,0,69
2026-05-12,De Morgen,https://www.demorgen.be/,0,48,0,0,48
2026-05-12,De Standaard Binnenland,https://www.standaard.be/,0,11,0,0,11
2026-05-12,De Standaard Buitenland,https://www.standaard.be/buitenland/,0,19,0,0,19
2026-05-12,De Standaard Economie,https://www.standaard.be/economie/,0,19,0,0,19
2026-05-12,El pais,Https://elpais.com,0,10,0,0,10
2026-05-12,Euroactiv,www.euractiv.com,0,29,0,0,29
2026-05-12,Euronews,www.euronews.com,0,18,0,0,18
2026-05-12,Frankfurter Allgemeine Zeitung,https://www.faz.net/aktuell/,0,58,0,0,58
2026-05-12,Gazet van Antwerpen,www.gva.be,0,143,0,0,143
2026-05-12,Good News Network,https://www.goodnewsnetwork.org/,60,5,3,0,2
2026-05-12,Het Laatste Nieuws,https://www.hln.be/,1,127,1,0,126
2026-05-12,Humo,https://www.humo.be/,0,9,0,0,9
2026-05-12,Le Figaro,https://www.lefigaro.fr/,0,45,0,0,45
2026-05-12,Le Monde,www.lemonde.fr,3,63,2,0,61
2026-05-12,Microsoft Research,https://www.microsoft.com/en-us/research/,0,1,0,0,1
2026-05-12,NRC,www.nrc.nl,0,39,0,0,39
2026-05-12,Nature,https://www.nature.com,8,12,1,0,11
2026-05-12,Neue Zürcher Zeitung,www.nzz.ch,0,18,0,0,18
2026-05-12,Politiken.dk,www.politiken.dk,0,55,0,0,55
2026-05-12,Popular Science,https://popsci.com,33,9,3,0,6
2026-05-12,Positive News,https://www.positive.news/,100,1,1,0,0
2026-05-12,Rzeczpospolita Poland,https://www.rp.pl/,1,106,1,0,105
2026-05-12,Science.org news,https://www.science.org/,0,5,0,0,5
2026-05-12,The Guardian,www.theguardian.com,4,25,1,0,24
2026-05-12,The Guardian Europe,https://www.theguardian.com/europe,5,19,1,0,18
2026-05-12,The New York Times,https://rss.nytimes.com/services/xml/rss/nyt/HomePage.xml,3,38,1,0,37
2026-05-12,The Verge,www.theverge.com,0,26,0,0,26
2026-05-12,The Washington Post,https://www.washingtonpost.com/,0,2,0,0,2
2026-05-12,Upworthy,https://www.upworthy.com/,25,12,3,0,9
2026-05-12,VRT Nws,https://www.vrt.be/vrtnws/nl/,0,78,0,0,78
2026-05-12,Wired,www.wired.com,0,18,0,0,18
2026-05-13,BBC Top Stories,https://www.bbc.com/,0,39,0,0,39
2026-05-13,DR (Danish Public broadcaster),https://www.dr.dk/,0,34,0,0,34
2026-05-13,Dagens Nyheter,www.dn.se,0,61,0,0,61
2026-05-13,De Morgen,https://www.demorgen.be/,2,44,1,0,43
2026-05-13,De Standaard Binnenland,https://www.standaard.be/,0,5,0,0,5
2026-05-13,De Standaard Buitenland,https://www.standaard.be/buitenland/,0,23,0,0,23
2026-05-13,De Standaard Economie,https://www.standaard.be/economie/,0,11,0,0,11
2026-05-13,El pais,Https://elpais.com,0,14,0,0,14
2026-05-13,Euroactiv,www.euractiv.com,0,22,0,0,22
2026-05-13,Euronews,www.euronews.com,0,19,0,0,19
2026-05-13,Frankfurter Allgemeine Zeitung,https://www.faz.net/aktuell/,0,41,0,0,41
2026-05-13,Gazet van Antwerpen,www.gva.be,1,143,2,0,141
2026-05-13,Good News Network,https://www.goodnewsnetwork.org/,80,5,4,0,1
2026-05-13,Het Laatste Nieuws,https://www.hln.be/,2,128,2,0,126
2026-05-13,Humo,https://www.humo.be/,0,13,0,0,13
2026-05-13,Le Figaro,https://www.lefigaro.fr/,0,58,0,0,58
2026-05-13,Le Monde,www.lemonde.fr,0,61,0,0,61
2026-05-13,Microsoft Research,https://www.microsoft.com/en-us/research/,0,2,0,0,2
2026-05-13,NRC,www.nrc.nl,4,46,2,0,44
2026-05-13,Nature,https://www.nature.com,17,23,4,0,19
2026-05-13,Neue Zürcher Zeitung,www.nzz.ch,0,34,0,0,34
2026-05-13,Politiken.dk,www.politiken.dk,0,66,0,0,66
2026-05-13,Popular Science,https://popsci.com,17,6,1,0,5
2026-05-13,Positive News,https://www.positive.news/,0,1,0,0,1
2026-05-13,Rzeczpospolita Poland,https://www.rp.pl/,1,104,1,0,103
2026-05-13,Science.org news,https://www.science.org/,0,4,0,0,4
2026-05-13,The Guardian,www.theguardian.com,3,34,1,0,33
2026-05-13,The Guardian Europe,https://www.theguardian.com/europe,11,18,2,0,16
2026-05-13,The New York Times,https://rss.nytimes.com/services/xml/rss/nyt/HomePage.xml,0,44,0,0,44
2026-05-13,The Verge,www.theverge.com,0,26,0,0,26
2026-05-13,The Washington Post,https://www.washingtonpost.com/,0,4,0,0,4
2026-05-13,Upworthy,https://www.upworthy.com/,31,13,4,0,9
2026-05-13,VRT Nws,https://www.vrt.be/vrtnws/nl/,4,78,3,0,75
2026-05-13,Wired,www.wired.com,0,23,0,0,23
2026-05-14,BBC Top Stories,https://www.bbc.com/,0,37,0,0,37
2026-05-14,DR (Danish Public broadcaster),https://www.dr.dk/,0,20,0,0,20
2026-05-14,Dagens Nyheter,www.dn.se,0,51,0,0,51
2026-05-14,De Morgen,https://www.demorgen.be/,0,48,0,0,48
2026-05-14,De Standaard Binnenland,https://www.standaard.be/,0,6,0,0,6
2026-05-14,De Standaard Buitenland,https://www.standaard.be/buitenland/,0,15,0,0,15
2026-05-14,De Standaard Economie,https://www.standaard.be/economie/,0,7,0,0,7
2026-05-14,El pais,Https://elpais.com,0,11,0,0,11
2026-05-14,Euroactiv,www.euractiv.com,0,7,0,0,7
2026-05-14,Euronews,www.euronews.com,0,18,0,0,18
2026-05-14,Frankfurter Allgemeine Zeitung,https://www.faz.net/aktuell/,5,39,2,0,37
2026-05-14,Gazet van Antwerpen,www.gva.be,1,128,1,0,127
2026-05-14,Good News Network,https://www.goodnewsnetwork.org/,80,5,4,0,1
2026-05-14,Het Laatste Nieuws,https://www.hln.be/,0,125,0,0,125
2026-05-14,Humo,https://www.humo.be/,0,7,0,0,7
2026-05-14,Le Figaro,https://www.lefigaro.fr/,0,37,0,0,37
2026-05-14,Le Monde,www.lemonde.fr,0,55,0,0,55
2026-05-14,NRC,www.nrc.nl,3,37,1,0,36
2026-05-14,Nature,https://www.nature.com,0,9,0,0,9
2026-05-14,Neue Zürcher Zeitung,www.nzz.ch,0,17,0,0,17
2026-05-14,Politiken.dk,www.politiken.dk,0,52,0,0,52
2026-05-14,Popular Science,https://popsci.com,29,7,2,0,5
2026-05-14,Positive News,https://www.positive.news/,100,1,1,0,0
2026-05-14,Rzeczpospolita Poland,https://www.rp.pl/,2,114,2,0,112
2026-05-14,Science.org news,https://www.science.org/,0,3,0,0,3
2026-05-14,The Guardian,www.theguardian.com,0,25,0,0,25
2026-05-14,The Guardian Europe,https://www.theguardian.com/europe,10,21,2,0,19
2026-05-14,The New York Times,https://rss.nytimes.com/services/xml/rss/nyt/HomePage.xml,3,37,1,0,36
2026-05-14,The Verge,www.theverge.com,0,28,0,0,28
2026-05-14,The Washington Post,https://www.washingtonpost.com/,0,5,0,0,5
2026-05-14,Upworthy,https://www.upworthy.com/,25,28,7,0,21
2026-05-14,VRT Nws,https://www.vrt.be/vrtnws/nl/,0,54,0,0,54
2026-05-14,Wired,www.wired.com,0,19,0,0,19
2026-05-15,BBC Top Stories,https://www.bbc.com/,0,36,0,0,36
2026-05-15,DR (Danish Public broadcaster),https://www.dr.dk/,0,36,0,0,36
2026-05-15,Dagens Nyheter,www.dn.se,0,62,0,0,62
2026-05-15,De Morgen,https://www.demorgen.be/,0,49,0,0,49
2026-05-15,De Standaard Binnenland,https://www.standaard.be/,0,11,0,0,11
2026-05-15,De Standaard Buitenland,https://www.standaard.be/buitenland/,0,22,0,0,22
2026-05-15,De Standaard Economie,https://www.standaard.be/economie/,7,15,1,0,14
2026-05-15,El pais,Https://elpais.com,0,11,0,0,11
2026-05-15,Euroactiv,www.euractiv.com,0,11,0,0,11
2026-05-15,Euronews,www.euronews.com,0,24,0,0,24
2026-05-15,Frankfurter Allgemeine Zeitung,https://www.faz.net/aktuell/,0,57,0,0,57
2026-05-15,Gazet van Antwerpen,www.gva.be,0,145,0,0,145
2026-05-15,Good News Network,https://www.goodnewsnetwork.org/,80,5,4,0,1
2026-05-15,Het Laatste Nieuws,https://www.hln.be/,1,129,1,0,128
2026-05-15,Humo,https://www.humo.be/,0,16,0,0,16
2026-05-15,Le Figaro,https://www.lefigaro.fr/,2,54,1,0,53
2026-05-15,Le Monde,www.lemonde.fr,2,58,1,0,57
2026-05-15,Microsoft Research,https://www.microsoft.com/en-us/research/,0,1,0,0,1
2026-05-15,NRC,www.nrc.nl,0,54,0,0,54
2026-05-15,Nature,https://www.nature.com,22,9,2,0,7
2026-05-15,Neue Zürcher Zeitung,www.nzz.ch,0,26,0,0,26
2026-05-15,Politiken.dk,www.politiken.dk,0,53,0,0,53
2026-05-15,Popular Science,https://popsci.com,25,8,2,0,6
2026-05-15,Positive News,https://www.positive.news/,67,3,2,0,1
2026-05-15,Rzeczpospolita Poland,https://www.rp.pl/,0,119,0,0,119
2026-05-15,Science.org news,https://www.science.org/,60,5,3,0,2
2026-05-15,The Guardian,www.theguardian.com,3,33,1,0,32
2026-05-15,The Guardian Europe,https://www.theguardian.com/europe,0,11,0,0,11
2026-05-15,The New York Times,https://rss.nytimes.com/services/xml/rss/nyt/HomePage.xml,3,34,1,0,33
2026-05-15,The Verge,www.theverge.com,0,18,0,0,18
2026-05-15,The Washington Post,https://www.washingtonpost.com/,0,4,0,0,4
2026-05-15,Upworthy,https://www.upworthy.com/,0,8,0,0,8
2026-05-15,VRT Nws,https://www.vrt.be/vrtnws/nl/,1,68,1,0,67
2026-05-15,Wired,www.wired.com,6,18,1,0,17
2026-05-16,BBC Top Stories,https://www.bbc.com/,0,15,0,0,15
2026-05-16,DR (Danish Public broadcaster),https://www.dr.dk/,0,18,0,0,18
2026-05-16,Dagens Nyheter,www.dn.se,2,57,1,0,56
2026-05-16,De Morgen,https://www.demorgen.be/,3,31,1,0,30
2026-05-16,De Standaard Binnenland,https://www.standaard.be/,0,7,0,0,7
2026-05-16,De Standaard Buitenland,https://www.standaard.be/buitenland/,0,13,0,0,13
2026-05-16,El pais,Https://elpais.com,9,11,1,0,10
2026-05-16,Euroactiv,www.euractiv.com,0,8,0,0,8
2026-05-16,Euronews,www.euronews.com,10,10,1,0,9
2026-05-16,Frankfurter Allgemeine Zeitung,https://www.faz.net/aktuell/,0,49,0,0,49
2026-05-16,Gazet van Antwerpen,www.gva.be,1,137,1,0,136
2026-05-16,Good News Network,https://www.goodnewsnetwork.org/,43,7,3,0,4
2026-05-16,Het Laatste Nieuws,https://www.hln.be/,1,122,1,0,121
2026-05-16,Humo,https://www.humo.be/,0,12,0,0,12
2026-05-16,Le Figaro,https://www.lefigaro.fr/,0,52,0,0,52
2026-05-16,Le Monde,www.lemonde.fr,0,50,0,0,50
2026-05-16,NRC,www.nrc.nl,0,28,0,0,28
2026-05-16,Neue Zürcher Zeitung,www.nzz.ch,0,25,0,0,25
2026-05-16,Politiken.dk,www.politiken.dk,0,65,0,0,65
2026-05-16,Popular Science,https://popsci.com,25,4,1,0,3
2026-05-16,Rzeczpospolita Poland,https://www.rp.pl/,0,60,0,0,60
2026-05-16,Science.org news,https://www.science.org/,0,1,0,0,1
2026-05-16,The Guardian,www.theguardian.com,0,24,0,0,24
2026-05-16,The Guardian Europe,https://www.theguardian.com/europe,0,13,0,0,13
2026-05-16,The New York Times,https://rss.nytimes.com/services/xml/rss/nyt/HomePage.xml,0,22,0,0,22
2026-05-16,The Verge,www.theverge.com,0,8,0,0,8
2026-05-16,The Washington Post,https://www.washingtonpost.com/,0,3,0,0,3
2026-05-16,Upworthy,https://www.upworthy.com/,21,14,3,0,11
2026-05-16,VRT Nws,https://www.vrt.be/vrtnws/nl/,4,51,2,0,49
2026-05-16,Wired,www.wired.com,13,8,1,0,7
2026-05-17,BBC Top Stories,https://www.bbc.com/,0,21,0,0,21
2026-05-17,DR (Danish Public broadcaster),https://www.dr.dk/,0,21,0,0,21
2026-05-17,Dagens Nyheter,www.dn.se,0,54,0,0,54
2026-05-17,De Morgen,https://www.demorgen.be/,0,27,0,0,27
2026-05-17,De Standaard Binnenland,https://www.standaard.be/,0,6,0,0,6
2026-05-17,De Standaard Buitenland,https://www.standaard.be/buitenland/,0,10,0,0,10
2026-05-17,De Standaard Economie,https://www.standaard.be/economie/,0,6,0,0,6
2026-05-17,El pais,Https://elpais.com,0,7,0,0,7
2026-05-17,Euroactiv,www.euractiv.com,0,8,0,0,8
2026-05-17,Euronews,www.euronews.com,0,8,0,0,8
2026-05-17,Frankfurter Allgemeine Zeitung,https://www.faz.net/aktuell/,0,40,0,0,40
2026-05-17,Gazet van Antwerpen,www.gva.be,1,140,1,0,139
2026-05-17,Good News Network,https://www.goodnewsnetwork.org/,38,8,3,0,5
2026-05-17,Het Laatste Nieuws,https://www.hln.be/,1,110,1,0,109
2026-05-17,Humo,https://www.humo.be/,0,10,0,0,10
2026-05-17,Le Figaro,https://www.lefigaro.fr/,0,54,0,0,54
2026-05-17,Le Monde,www.lemonde.fr,2,59,1,0,58
2026-05-17,NRC,www.nrc.nl,0,23,0,0,23
2026-05-17,Neue Zürcher Zeitung,www.nzz.ch,0,13,0,0,13
2026-05-17,Politiken.dk,www.politiken.dk,3,62,2,0,60
2026-05-17,Popular Science,https://popsci.com,0,3,0,0,3
2026-05-17,Rzeczpospolita Poland,https://www.rp.pl/,1,70,1,0,69
2026-05-17,The Guardian,www.theguardian.com,0,23,0,0,23
2026-05-17,The Guardian Europe,https://www.theguardian.com/europe,0,7,0,0,7
2026-05-17,The New York Times,https://rss.nytimes.com/services/xml/rss/nyt/HomePage.xml,0,23,0,0,23
2026-05-17,The Verge,www.theverge.com,0,7,0,0,7
2026-05-17,The Washington Post,https://www.washingtonpost.com/,0,2,0,0,2
2026-05-17,Upworthy,https://www.upworthy.com/,0,4,0,0,4
2026-05-17,VRT Nws,https://www.vrt.be/vrtnws/nl/,2,48,1,0,47
2026-05-17,Wired,www.wired.com,0,6,0,0,6
2026-05-18,BBC Top Stories,https://www.bbc.com/,3,33,1,0,32
2026-05-18,DR (Danish Public broadcaster),https://www.dr.dk/,0,30,0,0,30
2026-05-18,Dagens Nyheter,www.dn.se,0,50,0,0,50
2026-05-18,De Morgen,https://www.demorgen.be/,2,41,1,0,40
2026-05-18,De Standaard Binnenland,https://www.standaard.be/,13,16,2,0,14
2026-05-18,De Standaard Buitenland,https://www.standaard.be/buitenland/,0,21,0,0,21
2026-05-18,De Standaard Economie,https://www.standaard.be/economie/,0,12,0,0,12
2026-05-18,El pais,Https://elpais.com,0,10,0,0,10
2026-05-18,Euroactiv,www.euractiv.com,0,25,0,0,25
2026-05-18,Euronews,www.euronews.com,0,22,0,0,22
2026-05-18,Frankfurter Allgemeine Zeitung,https://www.faz.net/aktuell/,0,56,0,0,56
2026-05-18,Gazet van Antwerpen,www.gva.be,1,140,1,0,139
2026-05-18,Good News Network,https://www.goodnewsnetwork.org/,40,5,2,0,3
2026-05-18,Het Laatste Nieuws,https://www.hln.be/,0,132,0,0,132
2026-05-18,Humo,https://www.humo.be/,3,32,1,0,31
2026-05-18,Le Figaro,https://www.lefigaro.fr/,0,43,0,0,43
2026-05-18,Le Monde,www.lemonde.fr,0,64,0,0,64
2026-05-18,NRC,www.nrc.nl,2,45,1,0,44
2026-05-18,Nature,https://www.nature.com,10,10,1,0,9
2026-05-18,Neue Zürcher Zeitung,www.nzz.ch,0,28,0,0,28
2026-05-18,Politiken.dk,www.politiken.dk,0,53,0,0,53
2026-05-18,Popular Science,https://popsci.com,60,5,3,0,2
2026-05-18,Positive News,https://www.positive.news/,0,1,0,0,1
2026-05-18,Rzeczpospolita Poland,https://www.rp.pl/,0,91,0,0,91
2026-05-18,Science.org news,https://www.science.org/,0,2,0,0,2
2026-05-18,The Guardian,www.theguardian.com,0,30,0,0,30
2026-05-18,The Guardian Europe,https://www.theguardian.com/europe,0,20,0,0,20
2026-05-18,The New York Times,https://rss.nytimes.com/services/xml/rss/nyt/HomePage.xml,0,35,0,0,35
2026-05-18,The Verge,www.theverge.com,0,17,0,0,17
2026-05-18,Upworthy,https://www.upworthy.com/,31,13,4,0,9
2026-05-18,VRT Nws,https://www.vrt.be/vrtnws/nl/,2,82,2,0,80
2026-05-18,Wired,www.wired.com,10,10,1,0,9
2026-05-19,BBC Top Stories,https://www.bbc.com/,0,32,0,0,32
2026-05-19,DR (Danish Public broadcaster),https://www.dr.dk/,2,43,1,0,42
2026-05-19,Dagens Nyheter,www.dn.se,0,49,0,0,49
2026-05-19,De Morgen,https://www.demorgen.be/,3,36,1,0,35
2026-05-19,De Standaard Binnenland,https://www.standaard.be/,0,10,0,0,10
2026-05-19,De Standaard Buitenland,https://www.standaard.be/buitenland/,0,17,0,0,17
2026-05-19,De Standaard Economie,https://www.standaard.be/economie/,0,14,0,0,14
2026-05-19,El pais,Https://elpais.com,0,10,0,0,10
2026-05-19,Euroactiv,www.euractiv.com,4,25,1,0,24
2026-05-19,Euronews,www.euronews.com,0,22,0,0,22
2026-05-19,Frankfurter Allgemeine Zeitung,https://www.faz.net/aktuell/,0,58,0,0,58
2026-05-19,Gazet van Antwerpen,www.gva.be,1,122,1,0,121
2026-05-19,Good News Network,https://www.goodnewsnetwork.org/,50,6,3,0,3
2026-05-19,Het Laatste Nieuws,https://www.hln.be/,0,90,0,0,90
2026-05-19,Humo,https://www.humo.be/,0,9,0,0,9
2026-05-19,Le Figaro,https://www.lefigaro.fr/,0,43,0,0,43
2026-05-19,Le Monde,www.lemonde.fr,0,51,0,0,51
2026-05-19,NRC,www.nrc.nl,0,35,0,0,35
2026-05-19,Nature,https://www.nature.com,7,15,1,0,14
2026-05-19,Neue Zürcher Zeitung,www.nzz.ch,0,22,0,0,22
2026-05-19,Politiken.dk,www.politiken.dk,0,53,0,0,53
2026-05-19,Popular Science,https://popsci.com,33,9,3,0,6
2026-05-19,Positive News,https://www.positive.news/,50,2,1,0,1
2026-05-19,Rzeczpospolita Poland,https://www.rp.pl/,3,78,2,0,76
2026-05-19,Science.org news,https://www.science.org/,0,4,0,0,4
2026-05-19,The Guardian,www.theguardian.com,0,31,0,0,31
2026-05-19,The Guardian Europe,https://www.theguardian.com/europe,0,20,0,0,20
2026-05-19,The New York Times,https://rss.nytimes.com/services/xml/rss/nyt/HomePage.xml,0,37,0,0,37
2026-05-19,The Verge,www.theverge.com,0,37,0,0,37
2026-05-19,The Washington Post,https://www.washingtonpost.com/,0,3,0,0,3
2026-05-19,Upworthy,https://www.upworthy.com/,9,11,1,0,10
2026-05-19,VRT Nws,https://www.vrt.be/vrtnws/nl/,4,56,2,0,54
2026-05-19,Wired,www.wired.com,0,18,0,0,18
2026-05-20,BBC Top Stories,https://www.bbc.com/,0,29,0,0,29
2026-05-20,DR (Danish Public broadcaster),https://www.dr.dk/,0,25,0,0,25
2026-05-20,Dagens Nyheter,www.dn.se,0,52,0,0,52
2026-05-20,De Morgen,https://www.demorgen.be/,3,39,1,0,38
2026-05-20,De Standaard Binnenland,https://www.standaard.be/,0,12,0,0,12
2026-05-20,De Standaard Buitenland,https://www.standaard.be/buitenland/,0,20,0,0,20
2026-05-20,De Standaard Economie,https://www.standaard.be/economie/,0,14,0,0,14
2026-05-20,El pais,Https://elpais.com,0,11,0,0,11
2026-05-20,Euroactiv,www.euractiv.com,0,18,0,0,18
2026-05-20,Euronews,www.euronews.com,5,20,1,0,19
2026-05-20,Frankfurter Allgemeine Zeitung,https://www.faz.net/aktuell/,0,48,0,0,48
2026-05-20,Gazet van Antwerpen,www.gva.be,2,97,2,0,95
2026-05-20,Good News Network,https://www.goodnewsnetwork.org/,67,6,4,0,2
2026-05-20,Het Laatste Nieuws,https://www.hln.be/,0,95,0,0,95
2026-05-20,Humo,https://www.humo.be/,0,15,0,0,15
2026-05-20,Le Figaro,https://www.lefigaro.fr/,3,35,1,0,34
2026-05-20,Le Monde,www.lemonde.fr,0,51,0,0,51
2026-05-20,NRC,www.nrc.nl,0,34,0,0,34
2026-05-20,Nature,https://www.nature.com,6,17,1,0,16
2026-05-20,Neue Zürcher Zeitung,www.nzz.ch,0,30,0,0,30
2026-05-20,Politiken.dk,www.politiken.dk,2,58,1,0,57
2026-05-20,Popular Science,https://popsci.com,29,7,2,0,5
2026-05-20,Positive News,https://www.positive.news/,100,1,1,0,0
2026-05-20,Rzeczpospolita Poland,https://www.rp.pl/,2,101,2,0,99
2026-05-20,Science.org news,https://www.science.org/,0,3,0,0,3
2026-05-20,The Guardian,www.theguardian.com,11,27,3,0,24
2026-05-20,The Guardian Europe,https://www.theguardian.com/europe,0,21,0,0,21
2026-05-20,The New York Times,https://rss.nytimes.com/services/xml/rss/nyt/HomePage.xml,0,28,0,0,28
2026-05-20,The Verge,www.theverge.com,0,19,0,0,19
2026-05-20,The Washington Post,https://www.washingtonpost.com/,0,3,0,0,3
2026-05-20,Upworthy,https://www.upworthy.com/,13,16,2,0,14
2026-05-20,VRT Nws,https://www.vrt.be/vrtnws/nl/,0,56,0,0,56
2026-05-20,Wired,www.wired.com,0,18,0,0,18
2026-05-21,BBC Top Stories,https://www.bbc.com/,0,32,0,0,32
2026-05-21,DR (Danish Public broadcaster),https://www.dr.dk/,0,33,0,0,33
2026-05-21,Dagens Nyheter,www.dn.se,0,69,0,0,69
2026-05-21,De Morgen,https://www.demorgen.be/,0,42,0,0,42
2026-05-21,De Standaard Binnenland,https://www.standaard.be/,0,15,0,0,15
2026-05-21,De Standaard Buitenland,https://www.standaard.be/buitenland/,0,24,0,0,24
2026-05-21,De Standaard Economie,https://www.standaard.be/economie/,0,18,0,0,18
2026-05-21,El pais,Https://elpais.com,0,10,0,0,10
2026-05-21,Euroactiv,www.euractiv.com,0,23,0,0,23
2026-05-21,Euronews,www.euronews.com,0,31,0,0,31
2026-05-21,Frankfurter Allgemeine Zeitung,https://www.faz.net/aktuell/,0,61,0,0,61
2026-05-21,Gazet van Antwerpen,www.gva.be,4,134,5,0,129
2026-05-21,Good News Network,https://www.goodnewsnetwork.org/,40,5,2,0,3
2026-05-21,Het Laatste Nieuws,https://www.hln.be/,4,127,5,0,122
2026-05-21,Humo,https://www.humo.be/,0,17,0,0,17
2026-05-21,Le Figaro,https://www.lefigaro.fr/,0,49,0,0,49
2026-05-21,Le Monde,www.lemonde.fr,0,60,0,0,60
2026-05-21,Microsoft Research,https://www.microsoft.com/en-us/research/,0,2,0,0,2
2026-05-21,NRC,www.nrc.nl,0,54,0,0,54
2026-05-21,Nature,https://www.nature.com,13,8,1,0,7
2026-05-21,Neue Zürcher Zeitung,www.nzz.ch,0,27,0,0,27
2026-05-21,Politiken.dk,www.politiken.dk,0,65,0,0,65
2026-05-21,Popular Science,https://popsci.com,29,7,2,0,5
2026-05-21,Rzeczpospolita Poland,https://www.rp.pl/,3,79,2,0,77
2026-05-21,Science.org news,https://www.science.org/,20,5,1,0,4
2026-05-21,The Guardian,www.theguardian.com,3,34,1,0,33
2026-05-21,The Guardian Europe,https://www.theguardian.com/europe,0,14,0,0,14
2026-05-21,The New York Times,https://rss.nytimes.com/services/xml/rss/nyt/HomePage.xml,0,28,0,0,28
2026-05-21,The Verge,www.theverge.com,0,32,0,0,32
2026-05-21,The Washington Post,https://www.washingtonpost.com/,0,4,0,0,4
2026-05-21,Upworthy,https://www.upworthy.com/,0,12,0,0,12
2026-05-21,VRT Nws,https://www.vrt.be/vrtnws/nl/,3,79,2,0,77
2026-05-21,Wired,www.wired.com,0,22,0,0,22
2026-05-22,BBC Top Stories,https://www.bbc.com/,0,32,0,0,32
2026-05-22,DR (Danish Public broadcaster),https://www.dr.dk/,0,33,0,0,33
2026-05-22,Dagens Nyheter,www.dn.se,0,58,0,0,58
2026-05-22,De Morgen,https://www.demorgen.be/,0,35,0,0,35
2026-05-22,De Standaard Binnenland,https://www.standaard.be/,7,15,1,0,14
2026-05-22,De Standaard Buitenland,https://www.standaard.be/buitenland/,0,22,0,0,22
2026-05-22,De Standaard Economie,https://www.standaard.be/economie/,0,14,0,0,14
2026-05-22,El pais,Https://elpais.com,0,10,0,0,10
2026-05-22,Euroactiv,www.euractiv.com,0,15,0,0,15
2026-05-22,Euronews,www.euronews.com,0,23,0,0,23
2026-05-22,Frankfurter Allgemeine Zeitung,https://www.faz.net/aktuell/,2,44,1,0,43
2026-05-22,Gazet van Antwerpen,www.gva.be,1,113,1,0,112
2026-05-22,Good News Network,https://www.goodnewsnetwork.org/,67,6,4,0,2
2026-05-22,Het Laatste Nieuws,https://www.hln.be/,0,95,0,0,95
2026-05-22,Humo,https://www.humo.be/,0,12,0,0,12
2026-05-22,Le Figaro,https://www.lefigaro.fr/,0,42,0,0,42
2026-05-22,Le Monde,www.lemonde.fr,0,46,0,0,46
2026-05-22,NRC,www.nrc.nl,2,49,1,0,48
2026-05-22,Nature,https://www.nature.com,17,6,1,0,5
2026-05-22,Neue Zürcher Zeitung,www.nzz.ch,0,28,0,0,28
2026-05-22,Politiken.dk,www.politiken.dk,0,50,0,0,50
2026-05-22,Popular Science,https://popsci.com,0,4,0,0,4
2026-05-22,Positive News,https://www.positive.news/,0,1,0,0,1
2026-05-22,Rzeczpospolita Poland,https://www.rp.pl/,1,76,1,0,75
2026-05-22,Science.org news,https://www.science.org/,0,3,0,0,3
2026-05-22,The Guardian,www.theguardian.com,4,24,1,0,23
2026-05-22,The Guardian Europe,https://www.theguardian.com/europe,0,20,0,0,20
2026-05-22,The New York Times,https://rss.nytimes.com/services/xml/rss/nyt/HomePage.xml,0,25,0,0,25
2026-05-22,The Verge,www.theverge.com,0,17,0,0,17
2026-05-22,The Washington Post,https://www.washingtonpost.com/,0,2,0,0,2
2026-05-22,Upworthy,https://www.upworthy.com/,30,20,6,0,14
2026-05-22,VRT Nws,https://www.vrt.be/vrtnws/nl/,2,50,1,0,49
2026-05-22,Wired,www.wired.com,0,14,0,0,14
2026-05-23,BBC Top Stories,https://www.bbc.com/,0,14,0,0,14
2026-05-23,DR (Danish Public broadcaster),https://www.dr.dk/,0,29,0,0,29
2026-05-23,Dagens Nyheter,www.dn.se,2,46,1,0,45
2026-05-23,De Morgen,https://www.demorgen.be/,0,43,0,0,43
2026-05-23,De Standaard Binnenland,https://www.standaard.be/,0,5,0,0,5
2026-05-23,De Standaard Buitenland,https://www.standaard.be/buitenland/,0,14,0,0,14
2026-05-23,De Standaard Economie,https://www.standaard.be/economie/,0,1,0,0,1
2026-05-23,El pais,Https://elpais.com,0,6,0,0,6
2026-05-23,Euroactiv,www.euractiv.com,0,6,0,0,6
2026-05-23,Euronews,www.euronews.com,0,12,0,0,12
2026-05-23,Frankfurter Allgemeine Zeitung,https://www.faz.net/aktuell/,0,43,0,0,43
2026-05-23,Gazet van Antwerpen,www.gva.be,1,137,2,0,135
2026-05-23,Good News Network,https://www.goodnewsnetwork.org/,33,6,2,0,4
2026-05-23,Het Laatste Nieuws,https://www.hln.be/,1,116,1,0,115
2026-05-23,Humo,https://www.humo.be/,0,14,0,0,14
2026-05-23,Le Figaro,https://www.lefigaro.fr/,0,36,0,0,36
2026-05-23,Le Monde,www.lemonde.fr,4,54,2,0,52
2026-05-23,NRC,www.nrc.nl,0,21,0,0,21
2026-05-23,Neue Zürcher Zeitung,www.nzz.ch,0,26,0,0,26
2026-05-23,Politiken.dk,www.politiken.dk,2,44,1,0,43
2026-05-23,Popular Science,https://popsci.com,20,5,1,0,4
2026-05-23,Rzeczpospolita Poland,https://www.rp.pl/,5,61,3,0,58
2026-05-23,The Guardian,www.theguardian.com,0,23,0,0,23
2026-05-23,The Guardian Europe,https://www.theguardian.com/europe,0,13,0,0,13
2026-05-23,The New York Times,https://rss.nytimes.com/services/xml/rss/nyt/HomePage.xml,0,26,0,0,26
2026-05-23,The Verge,www.theverge.com,0,6,0,0,6
2026-05-23,The Washington Post,https://www.washingtonpost.com/,0,1,0,0,1
2026-05-23,Upworthy,https://www.upworthy.com/,20,5,1,0,4
2026-05-23,VRT Nws,https://www.vrt.be/vrtnws/nl/,0,44,0,0,44
2026-05-23,Wired,www.wired.com,27,11,3,0,8
2026-05-24,BBC Top Stories,https://www.bbc.com/,0,23,0,0,23
2026-05-24,DR (Danish Public broadcaster),https://www.dr.dk/,0,22,0,0,22
2026-05-24,Dagens Nyheter,www.dn.se,2,48,1,0,47
2026-05-24,De Morgen,https://www.demorgen.be/,4,25,1,0,24
2026-05-24,De Standaard Buitenland,https://www.standaard.be/buitenland/,0,10,0,0,10
2026-05-24,El pais,Https://elpais.com,0,7,0,0,7
2026-05-24,Euroactiv,www.euractiv.com,0,3,0,0,3
2026-05-24,Euronews,www.euronews.com,0,11,0,0,11
2026-05-24,Frankfurter Allgemeine Zeitung,https://www.faz.net/aktuell/,0,45,0,0,45
2026-05-24,Gazet van Antwerpen,www.gva.be,2,118,2,0,116
2026-05-24,Good News Network,https://www.goodnewsnetwork.org/,60,5,3,0,2
2026-05-24,Het Laatste Nieuws,https://www.hln.be/,0,108,0,0,108
2026-05-24,Humo,https://www.humo.be/,0,12,0,0,12
2026-05-24,Le Figaro,https://www.lefigaro.fr/,0,42,0,0,42
2026-05-24,Le Monde,www.lemonde.fr,0,48,0,0,48
2026-05-24,NRC,www.nrc.nl,0,20,0,0,20
2026-05-24,Neue Zürcher Zeitung,www.nzz.ch,0,18,0,0,18
2026-05-24,Politiken.dk,www.politiken.dk,0,35,0,0,35
2026-05-24,Popular Science,https://popsci.com,33,3,1,0,2
2026-05-24,Rzeczpospolita Poland,https://www.rp.pl/,2,60,1,0,59
2026-05-24,The Guardian,www.theguardian.com,5,20,1,0,19
2026-05-24,The Guardian Europe,https://www.theguardian.com/europe,0,8,0,0,8
2026-05-24,The New York Times,https://rss.nytimes.com/services/xml/rss/nyt/HomePage.xml,0,26,0,0,26
2026-05-24,The Verge,www.theverge.com,0,4,0,0,4
2026-05-24,The Washington Post,https://www.washingtonpost.com/,0,2,0,0,2
2026-05-24,Upworthy,https://www.upworthy.com/,25,4,1,0,3
2026-05-24,VRT Nws,https://www.vrt.be/vrtnws/nl/,0,43,0,0,43
2026-05-24,Wired,www.wired.com,29,7,2,0,5
2026-05-25,BBC Top Stories,https://www.bbc.com/,0,23,0,0,23
2026-05-25,DR (Danish Public broadcaster),https://www.dr.dk/,0,23,0,0,23
2026-05-25,Dagens Nyheter,www.dn.se,2,44,1,0,43
2026-05-25,De Morgen,https://www.demorgen.be/,0,32,0,0,32
2026-05-25,De Standaard Binnenland,https://www.standaard.be/,8,12,1,0,11
2026-05-25,De Standaard Buitenland,https://www.standaard.be/buitenland/,0,13,0,0,13
2026-05-25,De Standaard Economie,https://www.standaard.be/economie/,0,5,0,0,5
2026-05-25,El pais,Https://elpais.com,0,9,0,0,9
2026-05-25,Euroactiv,www.euractiv.com,0,6,0,0,6
2026-05-25,Euronews,www.euronews.com,0,23,0,0,23
2026-05-25,Frankfurter Allgemeine Zeitung,https://www.faz.net/aktuell/,0,42,0,0,42
2026-05-25,Gazet van Antwerpen,www.gva.be,2,99,2,0,97
2026-05-25,Good News Network,https://www.goodnewsnetwork.org/,57,7,4,0,3
2026-05-25,Het Laatste Nieuws,https://www.hln.be/,3,93,3,0,90
2026-05-25,Humo,https://www.humo.be/,0,14,0,0,14
2026-05-25,Le Figaro,https://www.lefigaro.fr/,0,34,0,0,34
2026-05-25,Le Monde,www.lemonde.fr,2,57,1,0,56
2026-05-25,NRC,www.nrc.nl,4,25,1,0,24
2026-05-25,Nature,https://www.nature.com,50,2,1,0,1
2026-05-25,Neue Zürcher Zeitung,www.nzz.ch,0,14,0,0,14
2026-05-25,Politiken.dk,www.politiken.dk,0,39,0,0,39
2026-05-25,Popular Science,https://popsci.com,100,4,4,0,0
2026-05-25,Positive News,https://www.positive.news/,100,1,1,0,0
2026-05-25,Rzeczpospolita Poland,https://www.rp.pl/,0,72,0,0,72
2026-05-25,The Guardian,www.theguardian.com,0,20,0,0,20
2026-05-25,The Guardian Europe,https://www.theguardian.com/europe,7,15,1,0,14
2026-05-25,The New York Times,https://rss.nytimes.com/services/xml/rss/nyt/HomePage.xml,0,18,0,0,18
2026-05-25,The Verge,www.theverge.com,0,4,0,0,4
2026-05-25,The Washington Post,https://www.washingtonpost.com/,0,1,0,0,1
2026-05-25,Upworthy,https://www.upworthy.com/,50,8,4,0,4
2026-05-25,VRT Nws,https://www.vrt.be/vrtnws/nl/,0,45,0,0,45
2026-05-25,Wired,www.wired.com,10,10,1,0,9
2026-05-26,BBC Top Stories,https://www.bbc.com/,3,39,1,0,38
2026-05-26,DR (Danish Public broadcaster),https://www.dr.dk/,0,37,0,0,37
2026-05-26,Dagens Nyheter,www.dn.se,2,62,1,0,61
2026-05-26,De Morgen,https://www.demorgen.be/,2,43,1,0,42
2026-05-26,De Standaard Binnenland,https://www.standaard.be/,0,21,0,0,21
2026-05-26,De Standaard Buitenland,https://www.standaard.be/buitenland/,0,13,0,0,13
2026-05-26,De Standaard Economie,https://www.standaard.be/economie/,0,15,0,0,15
2026-05-26,El pais,Https://elpais.com,10,10,1,0,9
2026-05-26,Euroactiv,www.euractiv.com,0,21,0,0,21
2026-05-26,Euronews,www.euronews.com,10,21,2,0,19
2026-05-26,Frankfurter Allgemeine Zeitung,https://www.faz.net/aktuell/,0,53,0,0,53
2026-05-26,Gazet van Antwerpen,www.gva.be,3,119,3,0,116
2026-05-26,Good News Network,https://www.goodnewsnetwork.org/,80,5,4,0,1
2026-05-26,Het Laatste Nieuws,https://www.hln.be/,2,117,2,0,115
2026-05-26,Humo,https://www.humo.be/,0,24,0,0,24
2026-05-26,Le Figaro,https://www.lefigaro.fr/,2,51,1,0,50
2026-05-26,Le Monde,www.lemonde.fr,2,58,1,0,57
2026-05-26,NRC,www.nrc.nl,0,39,0,0,39
2026-05-26,Nature,https://www.nature.com,8,13,1,0,12
2026-05-26,Neue Zürcher Zeitung,www.nzz.ch,0,24,0,0,24
2026-05-26,Politiken.dk,www.politiken.dk,0,65,0,0,65
2026-05-26,Popular Science,https://popsci.com,10,10,1,0,9
2026-05-26,Positive News,https://www.positive.news/,50,2,1,0,1
2026-05-26,Rzeczpospolita Poland,https://www.rp.pl/,0,108,0,0,108
2026-05-26,Science.org news,https://www.science.org/,33,3,1,0,2
2026-05-26,The Guardian,www.theguardian.com,3,31,1,0,30
2026-05-26,The Guardian Europe,https://www.theguardian.com/europe,10,21,2,0,19
2026-05-26,The New York Times,https://rss.nytimes.com/services/xml/rss/nyt/HomePage.xml,0,35,0,0,35
2026-05-26,The Verge,www.theverge.com,5,19,1,0,18
2026-05-26,The Washington Post,https://www.washingtonpost.com/,0,4,0,0,4
2026-05-26,Upworthy,https://www.upworthy.com/,33,6,2,0,4
2026-05-26,VRT Nws,https://www.vrt.be/vrtnws/nl/,0,76,0,0,76
2026-05-26,Wired,www.wired.com,0,22,0,0,22
2026-05-27,BBC Top Stories,https://www.bbc.com/,4,28,1,0,27
2026-05-27,DR (Danish Public broadcaster),https://www.dr.dk/,0,34,0,0,34
2026-05-27,Dagens Nyheter,www.dn.se,0,54,0,0,54
2026-05-27,De Morgen,https://www.demorgen.be/,3,40,1,0,39
2026-05-27,De Standaard Binnenland,https://www.standaard.be/,0,15,0,0,15
2026-05-27,De Standaard Buitenland,https://www.standaard.be/buitenland/,0,15,0,0,15
2026-05-27,De Standaard Economie,https://www.standaard.be/economie/,0,11,0,0,11
2026-05-27,El pais,Https://elpais.com,0,9,0,0,9
2026-05-27,Euroactiv,www.euractiv.com,0,19,0,0,19
2026-05-27,Euronews,www.euronews.com,0,21,0,0,21
2026-05-27,Frankfurter Allgemeine Zeitung,https://www.faz.net/aktuell/,0,59,0,0,59
2026-05-27,Gazet van Antwerpen,www.gva.be,1,119,1,0,118
2026-05-27,Good News Network,https://www.goodnewsnetwork.org/,60,5,3,0,2
2026-05-27,Het Laatste Nieuws,https://www.hln.be/,0,108,0,0,108
2026-05-27,Humo,https://www.humo.be/,0,10,0,0,10
2026-05-27,Le Figaro,https://www.lefigaro.fr/,0,35,0,0,35
2026-05-27,Le Monde,www.lemonde.fr,0,68,0,0,68
2026-05-27,Microsoft Research,https://www.microsoft.com/en-us/research/,0,1,0,0,1
2026-05-27,NRC,www.nrc.nl,0,49,0,0,49
2026-05-27,Nature,https://www.nature.com,13,15,2,0,13
2026-05-27,Neue Zürcher Zeitung,www.nzz.ch,0,26,0,0,26
2026-05-27,Politiken.dk,www.politiken.dk,0,58,0,0,58
2026-05-27,Popular Science,https://popsci.com,57,7,4,0,3
2026-05-27,Positive News,https://www.positive.news/,100,1,1,0,0
2026-05-27,Rzeczpospolita Poland,https://www.rp.pl/,0,99,0,0,99
2026-05-27,Science.org news,https://www.science.org/,33,3,1,0,2
2026-05-27,The Guardian,www.theguardian.com,3,33,1,0,32
2026-05-27,The Guardian Europe,https://www.theguardian.com/europe,0,18,0,0,18
2026-05-27,The New York Times,https://rss.nytimes.com/services/xml/rss/nyt/HomePage.xml,0,36,0,0,36
2026-05-27,The Verge,www.theverge.com,0,28,0,0,28
2026-05-27,The Washington Post,https://www.washingtonpost.com/,0,1,0,0,1
2026-05-27,Upworthy,https://www.upworthy.com/,28,18,5,0,13
2026-05-27,VRT Nws,https://www.vrt.be/vrtnws/nl/,3,67,2,0,65
2026-05-27,Wired,www.wired.com,13,16,2,0,14
2026-05-28,BBC Top Stories,https://www.bbc.com/,0,27,0,0,27
2026-05-28,DR (Danish Public broadcaster),https://www.dr.dk/,0,41,0,0,41
2026-05-28,Dagens Nyheter,www.dn.se,0,74,0,0,74
2026-05-28,De Morgen,https://www.demorgen.be/,6,48,3,0,45
2026-05-28,De Standaard Binnenland,https://www.standaard.be/,7,14,1,0,13
2026-05-28,De Standaard Buitenland,https://www.standaard.be/buitenland/,0,21,0,0,21
2026-05-28,De Standaard Economie,https://www.standaard.be/economie/,0,19,0,0,19
2026-05-28,El pais,Https://elpais.com,0,12,0,0,12
2026-05-28,Euroactiv,www.euractiv.com,0,24,0,0,24
2026-05-28,Euronews,www.euronews.com,4,27,1,0,26
2026-05-28,Frankfurter Allgemeine Zeitung,https://www.faz.net/aktuell/,0,57,0,0,57
2026-05-28,Gazet van Antwerpen,www.gva.be,2,133,2,0,131
2026-05-28,Good News Network,https://www.goodnewsnetwork.org/,50,6,3,0,3
2026-05-28,Het Laatste Nieuws,https://www.hln.be/,2,123,2,0,121
2026-05-28,Humo,https://www.humo.be/,0,11,0,0,11
2026-05-28,Le Figaro,https://www.lefigaro.fr/,0,47,0,0,47
2026-05-28,Le Monde,www.lemonde.fr,0,60,0,0,60
2026-05-28,Microsoft Research,https://www.microsoft.com/en-us/research/,0,1,0,0,1
2026-05-28,NRC,www.nrc.nl,0,49,0,0,49
2026-05-28,Nature,https://www.nature.com,0,3,0,0,3
2026-05-28,Neue Zürcher Zeitung,www.nzz.ch,3,32,1,0,31
2026-05-28,Politiken.dk,www.politiken.dk,0,55,0,0,55
2026-05-28,Popular Science,https://popsci.com,20,5,1,0,4
2026-05-28,Positive News,https://www.positive.news/,100,1,1,0,0
2026-05-28,Rzeczpospolita Poland,https://www.rp.pl/,0,119,0,0,119
2026-05-28,Science.org news,https://www.science.org/,50,2,1,0,1
2026-05-28,The Guardian,www.theguardian.com,3,33,1,0,32
2026-05-28,The Guardian Europe,https://www.theguardian.com/europe,0,17,0,0,17
2026-05-28,The New York Times,https://rss.nytimes.com/services/xml/rss/nyt/HomePage.xml,0,29,0,0,29
2026-05-28,The Verge,www.theverge.com,0,28,0,0,28
2026-05-28,The Washington Post,https://www.washingtonpost.com/,0,1,0,0,1
2026-05-28,Upworthy,https://www.upworthy.com/,26,23,6,0,17
2026-05-28,VRT Nws,https://www.vrt.be/vrtnws/nl/,1,80,1,0,79
2026-05-28,Wired,www.wired.com,0,16,0,0,16
2026-05-29,BBC Top Stories,https://www.bbc.com/,7,30,2,0,28
2026-05-29,DR (Danish Public broadcaster),https://www.dr.dk/,0,30,0,0,30
2026-05-29,Dagens Nyheter,www.dn.se,0,54,0,0,54
2026-05-29,De Morgen,https://www.demorgen.be/,0,39,0,0,39
2026-05-29,De Standaard Binnenland,https://www.standaard.be/,0,15,0,0,15
2026-05-29,De Standaard Buitenland,https://www.standaard.be/buitenland/,0,21,0,0,21
2026-05-29,De Standaard Economie,https://www.standaard.be/economie/,6,16,1,0,15
2026-05-29,El pais,Https://elpais.com,0,10,0,0,10
2026-05-29,Euroactiv,www.euractiv.com,0,20,0,0,20
2026-05-29,Euronews,www.euronews.com,0,16,0,0,16
2026-05-29,Frankfurter Allgemeine Zeitung,https://www.faz.net/aktuell/,2,57,1,0,56
2026-05-29,Gazet van Antwerpen,www.gva.be,0,122,0,0,122
2026-05-29,Good News Network,https://www.goodnewsnetwork.org/,50,6,3,0,3
2026-05-29,Het Laatste Nieuws,https://www.hln.be/,0,94,0,0,94
2026-05-29,Humo,https://www.humo.be/,0,15,0,0,15
2026-05-29,Le Figaro,https://www.lefigaro.fr/,0,54,0,0,54
2026-05-29,Le Monde,www.lemonde.fr,0,53,0,0,53
2026-05-29,NRC,www.nrc.nl,0,48,0,0,48
2026-05-29,Nature,https://www.nature.com,18,11,2,0,9
2026-05-29,Neue Zürcher Zeitung,www.nzz.ch,0,20,0,0,20
2026-05-29,Politiken.dk,www.politiken.dk,2,48,1,0,47
2026-05-29,Popular Science,https://popsci.com,38,8,3,0,5
2026-05-29,Positive News,https://www.positive.news/,100,1,1,0,0
2026-05-29,Rzeczpospolita Poland,https://www.rp.pl/,1,98,1,0,97
2026-05-29,Science.org news,https://www.science.org/,0,3,0,0,3
2026-05-29,The Guardian,www.theguardian.com,7,30,2,0,28
2026-05-29,The Guardian Europe,https://www.theguardian.com/europe,0,13,0,0,13
2026-05-29,The New York Times,https://rss.nytimes.com/services/xml/rss/nyt/HomePage.xml,3,40,1,0,39
2026-05-29,The Verge,www.theverge.com,0,20,0,0,20
2026-05-29,The Washington Post,https://www.washingtonpost.com/,0,2,0,0,2
2026-05-29,Upworthy,https://www.upworthy.com/,44,16,7,0,9
2026-05-29,VRT Nws,https://www.vrt.be/vrtnws/nl/,0,59,0,0,59
2026-05-29,Wired,www.wired.com,0,15,0,0,15
2026-05-30,BBC Top Stories,https://www.bbc.com/,8,26,2,0,24
2026-05-30,DR (Danish Public broadcaster),https://www.dr.dk/,0,25,0,0,25
2026-05-30,Dagens Nyheter,www.dn.se,0,54,0,0,54
2026-05-30,De Morgen,https://www.demorgen.be/,3,33,1,0,32
2026-05-30,De Standaard Binnenland,https://www.standaard.be/,0,10,0,0,10
2026-05-30,De Standaard Buitenland,https://www.standaard.be/buitenland/,0,8,0,0,8
2026-05-30,De Standaard Economie,https://www.standaard.be/economie/,0,2,0,0,2
2026-05-30,El pais,Https://elpais.com,0,6,0,0,6
2026-05-30,Euroactiv,www.euractiv.com,0,5,0,0,5
2026-05-30,Euronews,www.euronews.com,0,9,0,0,9
2026-05-30,Frankfurter Allgemeine Zeitung,https://www.faz.net/aktuell/,3,37,1,0,36
2026-05-30,Gazet van Antwerpen,www.gva.be,3,117,4,0,113
2026-05-30,Good News Network,https://www.goodnewsnetwork.org/,29,7,2,0,5
2026-05-30,Het Laatste Nieuws,https://www.hln.be/,2,99,2,0,97
2026-05-30,Humo,https://www.humo.be/,0,12,0,0,12
2026-05-30,Le Figaro,https://www.lefigaro.fr/,0,50,0,0,50
2026-05-30,Le Monde,www.lemonde.fr,2,52,1,0,51
2026-05-30,NRC,www.nrc.nl,0,17,0,0,17
2026-05-30,Neue Zürcher Zeitung,www.nzz.ch,0,23,0,0,23
2026-05-30,Politiken.dk,www.politiken.dk,0,48,0,0,48
2026-05-30,Popular Science,https://popsci.com,0,4,0,0,4
2026-05-30,Rzeczpospolita Poland,https://www.rp.pl/,4,54,2,0,52
2026-05-30,The Guardian,www.theguardian.com,7,28,2,0,26
2026-05-30,The Guardian Europe,https://www.theguardian.com/europe,0,11,0,0,11
2026-05-30,The New York Times,https://rss.nytimes.com/services/xml/rss/nyt/HomePage.xml,0,15,0,0,15
2026-05-30,The Verge,www.theverge.com,0,12,0,0,12
2026-05-30,The Washington Post,https://www.washingtonpost.com/,0,2,0,0,2
2026-05-30,Upworthy,https://www.upworthy.com/,0,6,0,0,6
2026-05-30,VRT Nws,https://www.vrt.be/vrtnws/nl/,0,42,0,0,42
2026-05-30,Wired,www.wired.com,10,10,1,0,9
2026-05-31,BBC Top Stories,https://www.bbc.com/,0,19,0,0,19
2026-05-31,DR (Danish Public broadcaster),https://www.dr.dk/,0,22,0,0,22
2026-05-31,Dagens Nyheter,www.dn.se,0,48,0,0,48
2026-05-31,De Morgen,https://www.demorgen.be/,0,38,0,0,38
2026-05-31,De Standaard Binnenland,https://www.standaard.be/,0,9,0,0,9
2026-05-31,De Standaard Buitenland,https://www.standaard.be/buitenland/,0,14,0,0,14
2026-05-31,De Standaard Economie,https://www.standaard.be/economie/,0,5,0,0,5
2026-05-31,El pais,Https://elpais.com,0,8,0,0,8
2026-05-31,Euroactiv,www.euractiv.com,0,4,0,0,4
2026-05-31,Euronews,www.euronews.com,0,7,0,0,7
2026-05-31,Frankfurter Allgemeine Zeitung,https://www.faz.net/aktuell/,0,48,0,0,48
2026-05-31,Gazet van Antwerpen,www.gva.be,4,134,6,0,128
2026-05-31,Good News Network,https://www.goodnewsnetwork.org/,50,4,2,0,2
2026-05-31,Het Laatste Nieuws,https://www.hln.be/,1,107,1,0,106
2026-05-31,Humo,https://www.humo.be/,0,16,0,0,16
2026-05-31,Le Figaro,https://www.lefigaro.fr/,2,42,1,0,41
2026-05-31,Le Monde,www.lemonde.fr,4,48,2,0,46
2026-05-31,NRC,www.nrc.nl,4,25,1,0,24
2026-05-31,Neue Zürcher Zeitung,www.nzz.ch,0,20,0,0,20
2026-05-31,Politiken.dk,www.politiken.dk,0,47,0,0,47
2026-05-31,Popular Science,https://popsci.com,33,3,1,0,2
2026-05-31,Rzeczpospolita Poland,https://www.rp.pl/,3,64,2,0,62
2026-05-31,The Guardian,www.theguardian.com,7,27,2,0,25
2026-05-31,The Guardian Europe,https://www.theguardian.com/europe,8,12,1,0,11
2026-05-31,The New York Times,https://rss.nytimes.com/services/xml/rss/nyt/HomePage.xml,5,21,1,0,20
2026-05-31,The Verge,www.theverge.com,0,14,0,0,14
2026-05-31,The Washington Post,https://www.washingtonpost.com/,0,1,0,0,1
2026-05-31,Upworthy,https://www.upworthy.com/,13,8,1,0,7
2026-05-31,VRT Nws,https://www.vrt.be/vrtnws/nl/,0,47,0,0,47
2026-05-31,Wired,www.wired.com,0,6,0,0,6
2026-06-01,BBC Top Stories,https://www.bbc.com/,5,42,2,0,40
2026-06-01,DR (Danish Public broadcaster),https://www.dr.dk/,6,34,2,0,32
2026-06-01,Dagens Nyheter,www.dn.se,0,51,0,0,51
2026-06-01,De Morgen,https://www.demorgen.be/,3,40,1,0,39
2026-06-01,De Standaard Binnenland,https://www.standaard.be/,18,11,2,0,9
2026-06-01,De Standaard Buitenland,https://www.standaard.be/buitenland/,0,12,0,0,12
2026-06-01,De Standaard Economie,https://www.standaard.be/economie/,0,13,0,0,13
2026-06-01,El pais,Https://elpais.com,0,9,0,0,9
2026-06-01,Euroactiv,www.euractiv.com,6,18,1,0,17
2026-06-01,Euronews,www.euronews.com,5,22,1,0,21
2026-06-01,Frankfurter Allgemeine Zeitung,https://www.faz.net/aktuell/,2,58,1,0,57
2026-06-01,Gazet van Antwerpen,www.gva.be,1,121,1,0,120
2026-06-01,Good News Network,https://www.goodnewsnetwork.org/,80,5,4,0,1
2026-06-01,Het Laatste Nieuws,https://www.hln.be/,0,83,0,0,83
2026-06-01,Humo,https://www.humo.be/,0,24,0,0,24
2026-06-01,Le Figaro,https://www.lefigaro.fr/,4,47,2,0,45
2026-06-01,Le Monde,www.lemonde.fr,0,58,0,0,58
2026-06-01,NRC,www.nrc.nl,0,34,0,0,34
2026-06-01,Nature,https://www.nature.com,0,10,0,0,10
2026-06-01,Neue Zürcher Zeitung,www.nzz.ch,0,27,0,0,27
2026-06-01,Politiken.dk,www.politiken.dk,0,50,0,0,50
2026-06-01,Popular Science,https://popsci.com,29,7,2,0,5
2026-06-01,Positive News,https://www.positive.news/,50,2,1,0,1
2026-06-01,Rzeczpospolita Poland,https://www.rp.pl/,1,88,1,0,87
2026-06-01,Science.org news,https://www.science.org/,0,3,0,0,3
2026-06-01,The Guardian,www.theguardian.com,12,26,3,0,23
2026-06-01,The Guardian Europe,https://www.theguardian.com/europe,6,16,1,0,15
2026-06-01,The New York Times,https://rss.nytimes.com/services/xml/rss/nyt/HomePage.xml,0,26,0,0,26
2026-06-01,The Verge,www.theverge.com,0,23,0,0,23
2026-06-01,The Washington Post,https://www.washingtonpost.com/,0,3,0,0,3
2026-06-01,Upworthy,https://www.upworthy.com/,18,11,2,0,9
2026-06-01,VRT Nws,https://www.vrt.be/vrtnws/nl/,1,68,1,0,67
2026-06-01,Wired,www.wired.com,0,8,0,0,8
2026-06-02,BBC Top Stories,https://www.bbc.com/,4,27,1,0,26
2026-06-02,DR (Danish Public broadcaster),https://www.dr.dk/,0,34,0,0,34
2026-06-02,Dagens Nyheter,www.dn.se,2,45,1,0,44
2026-06-02,De Morgen,https://www.demorgen.be/,3,37,1,0,36
2026-06-02,De Standaard Binnenland,https://www.standaard.be/,0,14,0,0,14
2026-06-02,De Standaard Buitenland,https://www.standaard.be/buitenland/,0,14,0,0,14
2026-06-02,De Standaard Economie,https://www.standaard.be/economie/,0,14,0,0,14
2026-06-02,El pais,Https://elpais.com,7,14,1,0,13
2026-06-02,Euroactiv,www.euractiv.com,0,19,0,0,19
2026-06-02,Euronews,www.euronews.com,8,26,2,0,24
2026-06-02,Frankfurter Allgemeine Zeitung,https://www.faz.net/aktuell/,0,45,0,0,45
2026-06-02,Gazet van Antwerpen,www.gva.be,7,101,7,0,94
2026-06-02,Good News Network,https://www.goodnewsnetwork.org/,33,6,2,0,4
2026-06-02,Het Laatste Nieuws,https://www.hln.be/,1,92,1,0,91
2026-06-02,Humo,https://www.humo.be/,0,9,0,0,9
2026-06-02,Le Figaro,https://www.lefigaro.fr/,0,27,0,0,27
2026-06-02,Le Monde,www.lemonde.fr,4,49,2,0,47
2026-06-02,NRC,www.nrc.nl,0,32,0,0,32
2026-06-02,Nature,https://www.nature.com,7,14,1,0,13
2026-06-02,Neue Zürcher Zeitung,www.nzz.ch,0,21,0,0,21
2026-06-02,Politiken.dk,www.politiken.dk,0,37,0,0,37
2026-06-02,Popular Science,https://popsci.com,0,6,0,0,6
2026-06-02,Positive News,https://www.positive.news/,100,1,1,0,0
2026-06-02,Rzeczpospolita Poland,https://www.rp.pl/,0,87,0,0,87
2026-06-02,Science.org news,https://www.science.org/,17,6,1,0,5
2026-06-02,The Guardian,www.theguardian.com,8,25,2,0,23
2026-06-02,The Guardian Europe,https://www.theguardian.com/europe,8,13,1,0,12
2026-06-02,The New York Times,https://rss.nytimes.com/services/xml/rss/nyt/HomePage.xml,4,27,1,0,26
2026-06-02,The Verge,www.theverge.com,0,17,0,0,17
2026-06-02,The Washington Post,https://www.washingtonpost.com/,0,4,0,0,4
2026-06-02,Upworthy,https://www.upworthy.com/,29,21,6,0,15
2026-06-02,VRT Nws,https://www.vrt.be/vrtnws/nl/,8,51,4,0,47
2026-06-02,Wired,www.wired.com,6,18,1,0,17
2026-06-03,BBC Top Stories,https://www.bbc.com/,4,28,1,0,27
2026-06-03,DR (Danish Public broadcaster),https://www.dr.dk/,0,33,0,0,33
2026-06-03,Dagens Nyheter,www.dn.se,2,62,1,0,61
2026-06-03,De Morgen,https://www.demorgen.be/,0,38,0,0,38
2026-06-03,De Standaard Binnenland,https://www.standaard.be/,0,14,0,0,14
2026-06-03,De Standaard Buitenland,https://www.standaard.be/buitenland/,13,16,2,0,14
2026-06-03,De Standaard Economie,https://www.standaard.be/economie/,0,13,0,0,13
2026-06-03,El pais,Https://elpais.com,0,10,0,0,10
2026-06-03,Euroactiv,www.euractiv.com,0,25,0,0,25
2026-06-03,Euronews,www.euronews.com,0,21,0,0,21
2026-06-03,Frankfurter Allgemeine Zeitung,https://www.faz.net/aktuell/,0,61,0,0,61
2026-06-03,Gazet van Antwerpen,www.gva.be,4,126,5,0,121
2026-06-03,Good News Network,https://www.goodnewsnetwork.org/,80,5,4,0,1
2026-06-03,Het Laatste Nieuws,https://www.hln.be/,1,110,1,0,109
2026-06-03,Humo,https://www.humo.be/,0,7,0,0,7
2026-06-03,Le Figaro,https://www.lefigaro.fr/,0,50,0,0,50
2026-06-03,Le Monde,www.lemonde.fr,2,56,1,0,55
2026-06-03,NRC,www.nrc.nl,2,44,1,0,43
2026-06-03,Nature,https://www.nature.com,0,14,0,0,14
2026-06-03,Neue Zürcher Zeitung,www.nzz.ch,0,31,0,0,31
2026-06-03,Politiken.dk,www.politiken.dk,0,52,0,0,52
2026-06-03,Popular Science,https://popsci.com,38,8,3,0,5
2026-06-03,Positive News,https://www.positive.news/,100,1,1,0,0
2026-06-03,Rzeczpospolita Poland,https://www.rp.pl/,1,89,1,0,88
2026-06-03,Science.org news,https://www.science.org/,50,2,1,0,1
2026-06-03,The Guardian,www.theguardian.com,6,34,2,0,32
2026-06-03,The Guardian Europe,https://www.theguardian.com/europe,0,12,0,0,12
2026-06-03,The New York Times,https://rss.nytimes.com/services/xml/rss/nyt/HomePage.xml,0,37,0,0,37
2026-06-03,The Verge,www.theverge.com,0,16,0,0,16
2026-06-03,The Washington Post,https://www.washingtonpost.com/,0,3,0,0,3
2026-06-03,Upworthy,https://www.upworthy.com/,36,14,5,0,9
2026-06-03,VRT Nws,https://www.vrt.be/vrtnws/nl/,0,66,0,0,66
2026-06-03,Wired,www.wired.com,0,15,0,0,15
2026-06-04,BBC Top Stories,https://www.bbc.com/,8,38,3,0,35
2026-06-04,DR (Danish Public broadcaster),https://www.dr.dk/,0,15,0,0,15
2026-06-04,Dagens Nyheter,www.dn.se,2,57,1,0,56
2026-06-04,De Morgen,https://www.demorgen.be/,5,42,2,0,40
2026-06-04,De Standaard Binnenland,https://www.standaard.be/,0,13,0,0,13
2026-06-04,De Standaard Buitenland,https://www.standaard.be/buitenland/,0,18,0,0,18
2026-06-04,De Standaard Economie,https://www.standaard.be/economie/,0,18,0,0,18
2026-06-04,El pais,Https://elpais.com,0,13,0,0,13
2026-06-04,Euroactiv,www.euractiv.com,0,18,0,0,18
2026-06-04,Euronews,www.euronews.com,0,21,0,0,21
2026-06-04,Frankfurter Allgemeine Zeitung,https://www.faz.net/aktuell/,0,45,0,0,45
2026-06-04,Gazet van Antwerpen,www.gva.be,1,112,1,0,111
2026-06-04,Good News Network,https://www.goodnewsnetwork.org/,57,7,4,0,3
2026-06-04,Het Laatste Nieuws,https://www.hln.be/,2,95,2,0,93
2026-06-04,Humo,https://www.humo.be/,0,5,0,0,5
2026-06-04,Le Figaro,https://www.lefigaro.fr/,0,36,0,0,36
2026-06-04,Le Monde,www.lemonde.fr,2,52,1,0,51
2026-06-04,NRC,www.nrc.nl,2,43,1,0,42
2026-06-04,Nature,https://www.nature.com,0,6,0,0,6
2026-06-04,Neue Zürcher Zeitung,www.nzz.ch,0,31,0,0,31
2026-06-04,Politiken.dk,www.politiken.dk,0,51,0,0,51
2026-06-04,Popular Science,https://popsci.com,13,8,1,0,7
2026-06-04,Positive News,https://www.positive.news/,0,2,0,0,2
2026-06-04,Rzeczpospolita Poland,https://www.rp.pl/,0,55,0,0,55
2026-06-04,Science.org news,https://www.science.org/,17,6,1,0,5
2026-06-04,The Guardian,www.theguardian.com,4,24,1,0,23
2026-06-04,The Guardian Europe,https://www.theguardian.com/europe,8,13,1,0,12
2026-06-04,The New York Times,https://rss.nytimes.com/services/xml/rss/nyt/HomePage.xml,3,34,1,0,33
2026-06-04,The Verge,www.theverge.com,0,19,0,0,19
2026-06-04,The Washington Post,https://www.washingtonpost.com/,0,3,0,0,3
2026-06-04,Upworthy,https://www.upworthy.com/,13,16,2,0,14
2026-06-04,VRT Nws,https://www.vrt.be/vrtnws/nl/,2,59,1,0,58
2026-06-04,Wired,www.wired.com,0,15,0,0,15
2026-06-05,BBC Top Stories,https://www.bbc.com/,0,25,0,0,25
2026-06-05,DR (Danish Public broadcaster),https://www.dr.dk/,0,41,0,0,41
2026-06-05,Dagens Nyheter,www.dn.se,2,65,1,0,64
2026-06-05,De Morgen,https://www.demorgen.be/,2,52,1,0,51
2026-06-05,De Standaard Binnenland,https://www.standaard.be/,0,16,0,0,16
2026-06-05,De Standaard Buitenland,https://www.standaard.be/buitenland/,0,23,0,0,23
2026-06-05,De Standaard Economie,https://www.standaard.be/economie/,0,17,0,0,17
2026-06-05,El pais,Https://elpais.com,0,11,0,0,11
2026-06-05,Euroactiv,www.euractiv.com,0,13,0,0,13
2026-06-05,Euronews,www.euronews.com,6,18,1,0,17
2026-06-05,Frankfurter Allgemeine Zeitung,https://www.faz.net/aktuell/,2,63,1,0,62
2026-06-05,Gazet van Antwerpen,www.gva.be,2,132,3,0,129
2026-06-05,Good News Network,https://www.goodnewsnetwork.org/,50,6,3,0,3
2026-06-05,Het Laatste Nieuws,https://www.hln.be/,2,123,3,0,120
2026-06-05,Le Figaro,https://www.lefigaro.fr/,3,39,1,0,38
2026-06-05,Le Monde,www.lemonde.fr,3,60,2,0,58
2026-06-05,NRC,www.nrc.nl,0,46,0,0,46
2026-06-05,Nature,https://www.nature.com,43,7,3,0,4
2026-06-05,Neue Zürcher Zeitung,www.nzz.ch,0,27,0,0,27
2026-06-05,Politiken.dk,www.politiken.dk,0,48,0,0,48
2026-06-05,Popular Science,https://popsci.com,14,7,1,0,6
2026-06-05,Positive News,https://www.positive.news/,50,2,1,0,1
2026-06-05,Rzeczpospolita Poland,https://www.rp.pl/,2,96,2,0,94
2026-06-05,Science.org news,https://www.science.org/,0,4,0,0,4
2026-06-05,The Guardian,www.theguardian.com,3,34,1,0,33
2026-06-05,The Guardian Europe,https://www.theguardian.com/europe,0,15,0,0,15
2026-06-05,The New York Times,https://rss.nytimes.com/services/xml/rss/nyt/HomePage.xml,0,28,0,0,28
2026-06-05,The Verge,www.theverge.com,0,18,0,0,18
2026-06-05,The Washington Post,https://www.washingtonpost.com/,0,1,0,0,1
2026-06-05,Upworthy,https://www.upworthy.com/,21,14,3,0,11
2026-06-05,VRT Nws,https://www.vrt.be/vrtnws/nl/,4,69,3,0,66
2026-06-05,Wired,www.wired.com,17,18,3,0,15
2026-06-06,BBC Top Stories,https://www.bbc.com/,5,20,1,0,19
2026-06-06,DR (Danish Public broadcaster),https://www.dr.dk/,0,21,0,0,21
2026-06-06,Dagens Nyheter,www.dn.se,0,45,0,0,45
2026-06-06,De Morgen,https://www.demorgen.be/,0,32,0,0,32
2026-06-06,De Standaard Binnenland,https://www.standaard.be/,0,4,0,0,4
2026-06-06,De Standaard Buitenland,https://www.standaard.be/buitenland/,0,7,0,0,7
2026-06-06,De Standaard Economie,https://www.standaard.be/economie/,0,2,0,0,2
2026-06-06,El pais,Https://elpais.com,0,7,0,0,7
2026-06-06,Euronews,www.euronews.com,0,9,0,0,9
2026-06-06,Frankfurter Allgemeine Zeitung,https://www.faz.net/aktuell/,0,33,0,0,33
2026-06-06,Gazet van Antwerpen,www.gva.be,0,77,0,0,77
2026-06-06,Good News Network,https://www.goodnewsnetwork.org/,33,6,2,0,4
2026-06-06,Het Laatste Nieuws,https://www.hln.be/,0,83,0,0,83
2026-06-06,Le Figaro,https://www.lefigaro.fr/,0,40,0,0,40
2026-06-06,Le Monde,www.lemonde.fr,0,40,0,0,40
2026-06-06,NRC,www.nrc.nl,0,15,0,0,15
2026-06-06,Neue Zürcher Zeitung,www.nzz.ch,0,30,0,0,30
2026-06-06,Politiken.dk,www.politiken.dk,0,49,0,0,49
2026-06-06,Popular Science,https://popsci.com,33,3,1,0,2
2026-06-06,Rzeczpospolita Poland,https://www.rp.pl/,4,51,2,0,49
2026-06-06,The Guardian,www.theguardian.com,0,19,0,0,19
2026-06-06,The Guardian Europe,https://www.theguardian.com/europe,0,10,0,0,10
2026-06-06,The New York Times,https://rss.nytimes.com/services/xml/rss/nyt/HomePage.xml,0,19,0,0,19
2026-06-06,The Verge,www.theverge.com,0,11,0,0,11
2026-06-06,Upworthy,https://www.upworthy.com/,44,9,4,0,5
2026-06-06,VRT Nws,https://www.vrt.be/vrtnws/nl/,2,41,1,0,40
2026-06-06,Wired,www.wired.com,13,8,1,0,7
2026-06-07,BBC Top Stories,https://www.bbc.com/,4,24,1,0,23
2026-06-07,DR (Danish Public broadcaster),https://www.dr.dk/,0,18,0,0,18
2026-06-07,Dagens Nyheter,www.dn.se,0,43,0,0,43
2026-06-07,De Morgen,https://www.demorgen.be/,0,26,0,0,26
2026-06-07,De Standaard Binnenland,https://www.standaard.be/,0,11,0,0,11
2026-06-07,De Standaard Buitenland,https://www.standaard.be/buitenland/,0,14,0,0,14
2026-06-07,De Standaard Economie,https://www.standaard.be/economie/,0,3,0,0,3
2026-06-07,El pais,Https://elpais.com,0,6,0,0,6
2026-06-07,Euronews,www.euronews.com,0,8,0,0,8
2026-06-07,Frankfurter Allgemeine Zeitung,https://www.faz.net/aktuell/,0,34,0,0,34
2026-06-07,Gazet van Antwerpen,www.gva.be,2,61,1,0,60
2026-06-07,Good News Network,https://www.goodnewsnetwork.org/,43,7,3,0,4
2026-06-07,Het Laatste Nieuws,https://www.hln.be/,0,75,0,0,75
2026-06-07,Humo,https://www.humo.be/,0,1,0,0,1
2026-06-07,Le Figaro,https://www.lefigaro.fr/,0,33,0,0,33
2026-06-07,Le Monde,www.lemonde.fr,0,45,0,0,45
2026-06-07,NRC,www.nrc.nl,0,26,0,0,26
2026-06-07,Neue Zürcher Zeitung,www.nzz.ch,0,18,0,0,18
2026-06-07,Politiken.dk,www.politiken.dk,0,41,0,0,41
2026-06-07,Popular Science,https://popsci.com,50,2,1,0,1
2026-06-07,Rzeczpospolita Poland,https://www.rp.pl/,2,49,1,0,48
2026-06-07,The Guardian,www.theguardian.com,8,25,2,0,23
2026-06-07,The Guardian Europe,https://www.theguardian.com/europe,9,11,1,0,10
2026-06-07,The New York Times,https://rss.nytimes.com/services/xml/rss/nyt/HomePage.xml,0,18,0,0,18
2026-06-07,The Verge,www.theverge.com,12,17,2,0,15
2026-06-07,Upworthy,https://www.upworthy.com/,7,14,1,0,13
2026-06-07,VRT Nws,https://www.vrt.be/vrtnws/nl/,3,39,1,0,38
2026-06-07,Wired,www.wired.com,0,5,0,0,5
2026-06-08,BBC Top Stories,https://www.bbc.com/,3,30,1,0,29
2026-06-08,DR (Danish Public broadcaster),https://www.dr.dk/,0,38,0,0,38
2026-06-08,Dagens Nyheter,www.dn.se,2,58,1,0,57
2026-06-08,De Morgen,https://www.demorgen.be/,6,36,2,0,34
2026-06-08,De Standaard Binnenland,https://www.standaard.be/,0,14,0,0,14
2026-06-08,De Standaard Buitenland,https://www.standaard.be/buitenland/,0,29,0,0,29
2026-06-08,De Standaard Economie,https://www.standaard.be/economie/,0,12,0,0,12
2026-06-08,El pais,Https://elpais.com,0,10,0,0,10
2026-06-08,Euronews,www.euronews.com,6,18,1,0,17
2026-06-08,Frankfurter Allgemeine Zeitung,https://www.faz.net/aktuell/,0,43,0,0,43
2026-06-08,Gazet van Antwerpen,www.gva.be,3,92,3,0,89
2026-06-08,Good News Network,https://www.goodnewsnetwork.org/,71,7,5,0,2
2026-06-08,Het Laatste Nieuws,https://www.hln.be/,1,85,1,0,84
2026-06-08,Humo,https://www.humo.be/,0,3,0,0,3
2026-06-08,Le Figaro,https://www.lefigaro.fr/,0,32,0,0,32
2026-06-08,Le Monde,www.lemonde.fr,0,48,0,0,48
2026-06-08,NRC,www.nrc.nl,0,40,0,0,40
2026-06-08,Nature,https://www.nature.com,20,10,2,0,8
2026-06-08,Neue Zürcher Zeitung,www.nzz.ch,0,23,0,0,23
2026-06-08,Politiken.dk,www.politiken.dk,2,58,1,0,57
2026-06-08,Popular Science,https://popsci.com,20,10,2,0,8
2026-06-08,Positive News,https://www.positive.news/,0,1,0,0,1
2026-06-08,Rzeczpospolita Poland,https://www.rp.pl/,0,78,0,0,78
2026-06-08,Science.org news,https://www.science.org/,0,5,0,0,5
2026-06-08,The Guardian,www.theguardian.com,4,28,1,0,27
2026-06-08,The Guardian Europe,https://www.theguardian.com/europe,0,9,0,0,9
2026-06-08,The New York Times,https://rss.nytimes.com/services/xml/rss/nyt/HomePage.xml,0,30,0,0,30
2026-06-08,The Verge,www.theverge.com,0,30,0,0,30
2026-06-08,Upworthy,https://www.upworthy.com/,36,11,4,0,7
2026-06-08,VRT Nws,https://www.vrt.be/vrtnws/nl/,0,61,0,0,61
2026-06-08,Wired,www.wired.com,0,11,0,0,11
2026-06-09,BBC Top Stories,https://www.bbc.com/,3,30,1,0,29
2026-06-09,DR (Danish Public broadcaster),https://www.dr.dk/,0,36,0,0,36
2026-06-09,Dagens Nyheter,www.dn.se,2,55,1,0,54
2026-06-09,De Morgen,https://www.demorgen.be/,0,34,0,0,34
2026-06-09,De Standaard Binnenland,https://www.standaard.be/,0,10,0,0,10
2026-06-09,De Standaard Buitenland,https://www.standaard.be/buitenland/,0,19,0,0,19
2026-06-09,De Standaard Economie,https://www.standaard.be/economie/,0,10,0,0,10
2026-06-09,El pais,Https://elpais.com,0,9,0,0,9
2026-06-09,Euronews,www.euronews.com,9,22,2,0,20
2026-06-09,Frankfurter Allgemeine Zeitung,https://www.faz.net/aktuell/,0,45,0,0,45
2026-06-09,Gazet van Antwerpen,www.gva.be,3,68,2,0,66
2026-06-09,Good News Network,https://www.goodnewsnetwork.org/,43,7,3,0,4
2026-06-09,Het Laatste Nieuws,https://www.hln.be/,3,75,2,0,73
2026-06-09,Humo,https://www.humo.be/,0,2,0,0,2
2026-06-09,Le Figaro,https://www.lefigaro.fr/,0,40,0,0,40
2026-06-09,Le Monde,www.lemonde.fr,2,51,1,0,50
2026-06-09,NRC,www.nrc.nl,3,33,1,0,32
2026-06-09,Nature,https://www.nature.com,29,17,5,0,12
2026-06-09,Neue Zürcher Zeitung,www.nzz.ch,0,23,0,0,23
2026-06-09,Politiken.dk,www.politiken.dk,0,52,0,0,52
2026-06-09,Popular Science,https://popsci.com,29,7,2,0,5
2026-06-09,Positive News,https://www.positive.news/,0,1,0,0,1
2026-06-09,Rzeczpospolita Poland,https://www.rp.pl/,0,60,0,0,60
2026-06-09,Science.org news,https://www.science.org/,29,7,2,0,5
2026-06-09,The Guardian,www.theguardian.com,4,26,1,0,25
2026-06-09,The Guardian Europe,https://www.theguardian.com/europe,0,12,0,0,12
2026-06-09,The New York Times,https://rss.nytimes.com/services/xml/rss/nyt/HomePage.xml,0,28,0,0,28
2026-06-09,The Verge,www.theverge.com,0,24,0,0,24
2026-06-09,Upworthy,https://www.upworthy.com/,15,20,3,0,17
2026-06-09,VRT Nws,https://www.vrt.be/vrtnws/nl/,2,54,1,0,53
2026-06-09,Wired,www.wired.com,8,13,1,0,12
2026-06-10,BBC Top Stories,https://www.bbc.com/,3,32,1,0,31
2026-06-10,DR (Danish Public broadcaster),https://www.dr.dk/,0,35,0,0,35
2026-06-10,Dagens Nyheter,www.dn.se,0,59,0,0,59
2026-06-10,De Morgen,https://www.demorgen.be/,0,38,0,0,38
2026-06-10,De Standaard Binnenland,https://www.standaard.be/,0,12,0,0,12
2026-06-10,De Standaard Buitenland,https://www.standaard.be/buitenland/,0,17,0,0,17
2026-06-10,De Standaard Economie,https://www.standaard.be/economie/,0,20,0,0,20
2026-06-10,El pais,Https://elpais.com,0,11,0,0,11
2026-06-10,Euronews,www.euronews.com,7,29,2,0,27
2026-06-10,Frankfurter Allgemeine Zeitung,https://www.faz.net/aktuell/,0,46,0,0,46
2026-06-10,Gazet van Antwerpen,www.gva.be,1,82,1,0,81
2026-06-10,Good News Network,https://www.goodnewsnetwork.org/,57,7,4,0,3
2026-06-10,Het Laatste Nieuws,https://www.hln.be/,0,103,0,0,103
2026-06-10,Humo,https://www.humo.be/,0,4,0,0,4
2026-06-10,Le Figaro,https://www.lefigaro.fr/,0,38,0,0,38
2026-06-10,Le Monde,www.lemonde.fr,0,51,0,0,51
2026-06-10,NRC,www.nrc.nl,0,44,0,0,44
2026-06-10,Nature,https://www.nature.com,7,15,1,0,14
2026-06-10,Neue Zürcher Zeitung,www.nzz.ch,0,20,0,0,20
2026-06-10,Politiken.dk,www.politiken.dk,0,52,0,0,52
2026-06-10,Popular Science,https://popsci.com,14,7,1,0,6
2026-06-10,Positive News,https://www.positive.news/,0,1,0,0,1
2026-06-10,Rzeczpospolita Poland,https://www.rp.pl/,3,70,2,0,68
2026-06-10,Science.org news,https://www.science.org/,17,6,1,0,5
2026-06-10,The Guardian,www.theguardian.com,0,31,0,0,31
2026-06-10,The Guardian Europe,https://www.theguardian.com/europe,0,9,0,0,9
2026-06-10,The New York Times,https://rss.nytimes.com/services/xml/rss/nyt/HomePage.xml,0,32,0,0,32
2026-06-10,The Verge,www.theverge.com,0,31,0,0,31
2026-06-10,Upworthy,https://www.upworthy.com/,27,15,4,0,11
2026-06-10,VRT Nws,https://www.vrt.be/vrtnws/nl/,0,67,0,0,67
2026-06-10,Wired,www.wired.com,5,19,1,0,18
2026-06-11,BBC Top Stories,https://www.bbc.com/,0,34,0,0,34
2026-06-11,DR (Danish Public broadcaster),https://www.dr.dk/,0,28,0,0,28
2026-06-11,Dagens Nyheter,www.dn.se,0,55,0,0,55
2026-06-11,De Morgen,https://www.demorgen.be/,0,37,0,0,37
2026-06-11,De Standaard Binnenland,https://www.standaard.be/,0,12,0,0,12
2026-06-11,De Standaard Buitenland,https://www.standaard.be/buitenland/,0,28,0,0,28
2026-06-11,De Standaard Economie,https://www.standaard.be/economie/,8,12,1,0,11
2026-06-11,El pais,Https://elpais.com,9,11,1,0,10
2026-06-11,Euronews,www.euronews.com,0,22,0,0,22
2026-06-11,Frankfurter Allgemeine Zeitung,https://www.faz.net/aktuell/,0,45,0,0,45
2026-06-11,Gazet van Antwerpen,www.gva.be,0,85,0,0,85
2026-06-11,Good News Network,https://www.goodnewsnetwork.org/,67,6,4,0,2
2026-06-11,Het Laatste Nieuws,https://www.hln.be/,0,79,0,0,79
2026-06-11,Le Figaro,https://www.lefigaro.fr/,0,46,0,0,46
2026-06-11,Le Monde,www.lemonde.fr,2,46,1,0,45
2026-06-11,NRC,www.nrc.nl,7,41,3,0,38
2026-06-11,Nature,https://www.nature.com,14,7,1,0,6
2026-06-11,Neue Zürcher Zeitung,www.nzz.ch,0,23,0,0,23
2026-06-11,Politiken.dk,www.politiken.dk,0,43,0,0,43
2026-06-11,Popular Science,https://popsci.com,38,8,3,0,5
2026-06-11,Rzeczpospolita Poland,https://www.rp.pl/,1,75,1,0,74
2026-06-11,Science.org news,https://www.science.org/,25,8,2,0,6
2026-06-11,The Guardian,www.theguardian.com,0,30,0,0,30
2026-06-11,The Guardian Europe,https://www.theguardian.com/europe,0,9,0,0,9
2026-06-11,The New York Times,https://rss.nytimes.com/services/xml/rss/nyt/HomePage.xml,0,34,0,0,34
2026-06-11,The Verge,www.theverge.com,0,25,0,0,25
2026-06-11,Upworthy,https://www.upworthy.com/,15,13,2,0,11
2026-06-11,VRT Nws,https://www.vrt.be/vrtnws/nl/,4,48,2,0,46
2026-06-11,Wired,www.wired.com,0,20,0,0,20
2026-06-12,BBC Top Stories,https://www.bbc.com/,0,28,0,0,28
2026-06-12,Chain of thought,https://every.to/chain-of-thought,0,1,0,0,1
2026-06-12,DR (Danish Public broadcaster),https://www.dr.dk/,0,29,0,0,29
2026-06-12,Dagens Nyheter,www.dn.se,0,49,0,0,49
2026-06-12,De Morgen,https://www.demorgen.be/,0,30,0,0,30
2026-06-12,De Standaard Binnenland,https://www.standaard.be/,10,10,1,0,9
2026-06-12,De Standaard Buitenland,https://www.standaard.be/buitenland/,0,15,0,0,15
2026-06-12,De Standaard Economie,https://www.standaard.be/economie/,0,19,0,0,19
2026-06-12,El pais,Https://elpais.com,9,11,1,0,10
2026-06-12,Euronews,www.euronews.com,0,25,0,0,25
2026-06-12,Frankfurter Allgemeine Zeitung,https://www.faz.net/aktuell/,0,50,0,0,50
2026-06-12,Gazet van Antwerpen,www.gva.be,3,79,2,0,77
2026-06-12,Good News Network,https://www.goodnewsnetwork.org/,50,8,4,0,4
2026-06-12,Het Laatste Nieuws,https://www.hln.be/,0,76,0,0,76
2026-06-12,Le Figaro,https://www.lefigaro.fr/,0,41,0,0,41
2026-06-12,Le Monde,www.lemonde.fr,0,53,0,0,53
2026-06-12,Microsoft Research,https://www.microsoft.com/en-us/research/,0,1,0,0,1
2026-06-12,NRC,www.nrc.nl,3,40,1,0,39
2026-06-12,Nature,https://www.nature.com,33,6,2,0,4
2026-06-12,Neue Zürcher Zeitung,www.nzz.ch,0,14,0,0,14
2026-06-12,Politiken.dk,www.politiken.dk,2,46,1,0,45
2026-06-12,Popular Science,https://popsci.com,14,7,1,0,6
2026-06-12,Positive News,https://www.positive.news/,67,3,2,0,1
2026-06-12,Rzeczpospolita Poland,https://www.rp.pl/,0,67,0,0,67
2026-06-12,Science.org news,https://www.science.org/,50,2,1,0,1
2026-06-12,The Guardian,www.theguardian.com,0,26,0,0,26
2026-06-12,The Guardian Europe,https://www.theguardian.com/europe,7,14,1,0,13
2026-06-12,The New York Times,https://rss.nytimes.com/services/xml/rss/nyt/HomePage.xml,0,30,0,0,30
2026-06-12,The Verge,www.theverge.com,0,16,0,0,16
2026-06-12,Upworthy,https://www.upworthy.com/,25,24,6,0,18
2026-06-12,VRT Nws,https://www.vrt.be/vrtnws/nl/,2,47,1,0,46
2026-06-12,Wired,www.wired.com,0,17,0,0,17
2026-06-13,BBC Top Stories,https://www.bbc.com/,0,25,0,0,25
2026-06-13,DR (Danish Public broadcaster),https://www.dr.dk/,0,13,0,0,13
2026-06-13,Dagens Nyheter,www.dn.se,0,49,0,0,49
2026-06-13,De Morgen,https://www.demorgen.be/,0,26,0,0,26
2026-06-13,De Standaard Binnenland,https://www.standaard.be/,0,4,0,0,4
2026-06-13,De Standaard Buitenland,https://www.standaard.be/buitenland/,0,7,0,0,7
2026-06-13,De Standaard Economie,https://www.standaard.be/economie/,0,1,0,0,1
2026-06-13,El pais,Https://elpais.com,0,6,0,0,6
2026-06-13,Euronews,www.euronews.com,0,8,0,0,8
2026-06-13,Frankfurter Allgemeine Zeitung,https://www.faz.net/aktuell/,0,33,0,0,33
2026-06-13,Gazet van Antwerpen,www.gva.be,0,57,0,0,57
2026-06-13,Good News Network,https://www.goodnewsnetwork.org/,57,7,4,0,3
2026-06-13,Het Laatste Nieuws,https://www.hln.be/,0,56,0,0,56
2026-06-13,Le Figaro,https://www.lefigaro.fr/,0,32,0,0,32
2026-06-13,Le Monde,www.lemonde.fr,0,33,0,0,33
2026-06-13,NRC,www.nrc.nl,0,22,0,0,22
2026-06-13,Neue Zürcher Zeitung,www.nzz.ch,0,22,0,0,22
2026-06-13,Politiken.dk,www.politiken.dk,0,44,0,0,44
2026-06-13,Popular Science,https://popsci.com,33,3,1,0,2
2026-06-13,Rzeczpospolita Poland,https://www.rp.pl/,2,49,1,0,48
2026-06-13,The Guardian,www.theguardian.com,0,25,0,0,25
2026-06-13,The Guardian Europe,https://www.theguardian.com/europe,10,10,1,0,9
2026-06-13,The New York Times,https://rss.nytimes.com/services/xml/rss/nyt/HomePage.xml,0,21,0,0,21
2026-06-13,The Verge,www.theverge.com,0,14,0,0,14
2026-06-13,Upworthy,https://www.upworthy.com/,33,9,3,0,6
2026-06-13,VRT Nws,https://www.vrt.be/vrtnws/nl/,0,34,0,0,34
2026-06-13,Wired,www.wired.com,0,8,0,0,8
2026-06-14,BBC Top Stories,https://www.bbc.com/,0,28,0,0,28
2026-06-14,DR (Danish Public broadcaster),https://www.dr.dk/,0,15,0,0,15
2026-06-14,Dagens Nyheter,www.dn.se,0,48,0,0,48
2026-06-14,De Morgen,https://www.demorgen.be/,0,22,0,0,22
2026-06-14,De Standaard Binnenland,https://www.standaard.be/,0,6,0,0,6
2026-06-14,De Standaard Buitenland,https://www.standaard.be/buitenland/,0,15,0,0,15
2026-06-14,De Standaard Economie,https://www.standaard.be/economie/,0,9,0,0,9
2026-06-14,El pais,Https://elpais.com,14,7,1,0,6
2026-06-14,Euronews,www.euronews.com,0,10,0,0,10
2026-06-14,Frankfurter Allgemeine Zeitung,https://www.faz.net/aktuell/,0,41,0,0,41
2026-06-14,Gazet van Antwerpen,www.gva.be,0,68,0,0,68
2026-06-14,Good News Network,https://www.goodnewsnetwork.org/,60,5,3,0,2
2026-06-14,Het Laatste Nieuws,https://www.hln.be/,0,75,0,0,75
2026-06-14,Le Figaro,https://www.lefigaro.fr/,0,32,0,0,32
2026-06-14,Le Monde,www.lemonde.fr,0,47,0,0,47
2026-06-14,NRC,www.nrc.nl,0,31,0,0,31
2026-06-14,Nature,https://www.nature.com,0,1,0,0,1
2026-06-14,Neue Zürcher Zeitung,www.nzz.ch,0,27,0,0,27
2026-06-14,Politiken.dk,www.politiken.dk,0,39,0,0,39
2026-06-14,Popular Science,https://popsci.com,67,3,2,0,1
2026-06-14,Rzeczpospolita Poland,https://www.rp.pl/,2,46,1,0,45
2026-06-14,The Guardian,www.theguardian.com,5,22,1,0,21
2026-06-14,The Guardian Europe,https://www.theguardian.com/europe,0,13,0,0,13
2026-06-14,The New York Times,https://rss.nytimes.com/services/xml/rss/nyt/HomePage.xml,0,24,0,0,24
2026-06-14,The Verge,www.theverge.com,0,6,0,0,6
2026-06-14,Upworthy,https://www.upworthy.com/,0,5,0,0,5
2026-06-14,VRT Nws,https://www.vrt.be/vrtnws/nl/,6,35,2,0,33
2026-06-14,Wired,www.wired.com,0,7,0,0,7
2026-06-15,BBC Top Stories,https://www.bbc.com/,0,30,0,0,30
2026-06-15,DR (Danish Public broadcaster),https://www.dr.dk/,0,33,0,0,33
2026-06-15,Dagens Nyheter,www.dn.se,0,61,0,0,61
2026-06-15,De Morgen,https://www.demorgen.be/,0,39,0,0,39
2026-06-15,De Standaard Binnenland,https://www.standaard.be/,0,10,0,0,10
2026-06-15,De Standaard Buitenland,https://www.standaard.be/buitenland/,0,23,0,0,23
2026-06-15,De Standaard Economie,https://www.standaard.be/economie/,0,6,0,0,6
2026-06-15,El pais,Https://elpais.com,0,11,0,0,11
2026-06-15,Euronews,www.euronews.com,0,21,0,0,21
2026-06-15,Frankfurter Allgemeine Zeitung,https://www.faz.net/aktuell/,0,48,0,0,48
2026-06-15,Gazet van Antwerpen,www.gva.be,1,84,1,0,83
2026-06-15,Good News Network,https://www.goodnewsnetwork.org/,63,8,5,0,3
2026-06-15,Het Laatste Nieuws,https://www.hln.be/,3,87,3,0,84
2026-06-15,Humo,https://www.humo.be/,0,3,0,0,3
2026-06-15,Le Figaro,https://www.lefigaro.fr/,0,42,0,0,42
2026-06-15,Le Monde,www.lemonde.fr,0,51,0,0,51
2026-06-15,NRC,www.nrc.nl,0,42,0,0,42
2026-06-15,Nature,https://www.nature.com,38,8,3,0,5
2026-06-15,Neue Zürcher Zeitung,www.nzz.ch,0,19,0,0,19
2026-06-15,Politiken.dk,www.politiken.dk,0,45,0,0,45
2026-06-15,Popular Science,https://popsci.com,50,6,3,0,3
2026-06-15,Positive News,https://www.positive.news/,0,1,0,0,1
2026-06-15,Rzeczpospolita Poland,https://www.rp.pl/,0,71,0,0,71
2026-06-15,Science.org news,https://www.science.org/,0,2,0,0,2
2026-06-15,The Guardian,www.theguardian.com,3,29,1,0,28
2026-06-15,The Guardian Europe,https://www.theguardian.com/europe,0,12,0,0,12
2026-06-15,The New York Times,https://rss.nytimes.com/services/xml/rss/nyt/HomePage.xml,0,35,0,0,35
2026-06-15,The Verge,www.theverge.com,0,19,0,0,19
2026-06-15,Upworthy,https://www.upworthy.com/,50,8,4,0,4
2026-06-15,VRT Nws,https://www.vrt.be/vrtnws/nl/,0,54,0,0,54
2026-06-15,Wired,www.wired.com,0,9,0,0,9
2026-06-16,BBC Top Stories,https://www.bbc.com/,3,29,1,0,28
2026-06-16,DR (Danish Public broadcaster),https://www.dr.dk/,0,31,0,0,31
2026-06-16,Dagens Nyheter,www.dn.se,2,56,1,0,55
2026-06-16,De Morgen,https://www.demorgen.be/,0,32,0,0,32
2026-06-16,De Standaard Binnenland,https://www.standaard.be/,8,13,1,0,12
2026-06-16,De Standaard Buitenland,https://www.standaard.be/buitenland/,0,18,0,0,18
2026-06-16,De Standaard Economie,https://www.standaard.be/economie/,0,13,0,0,13
2026-06-16,El pais,Https://elpais.com,0,10,0,0,10
2026-06-16,Euronews,www.euronews.com,5,22,1,0,21
2026-06-16,Frankfurter Allgemeine Zeitung,https://www.faz.net/aktuell/,0,44,0,0,44
2026-06-16,Gazet van Antwerpen,www.gva.be,1,77,1,0,76
2026-06-16,Good News Network,https://www.goodnewsnetwork.org/,67,6,4,0,2
2026-06-16,Het Laatste Nieuws,https://www.hln.be/,1,76,1,0,75
2026-06-16,Humo,https://www.humo.be/,0,4,0,0,4
2026-06-16,Le Figaro,https://www.lefigaro.fr/,0,43,0,0,43
2026-06-16,Le Monde,www.lemonde.fr,0,53,0,0,53
2026-06-16,NRC,www.nrc.nl,2,42,1,0,41
2026-06-16,Nature,https://www.nature.com,0,7,0,0,7
2026-06-16,Neue Zürcher Zeitung,www.nzz.ch,0,21,0,0,21
2026-06-16,Politiken.dk,www.politiken.dk,0,51,0,0,51
2026-06-16,Popular Science,https://popsci.com,50,6,3,0,3
2026-06-16,Positive News,https://www.positive.news/,100,1,1,0,0
2026-06-16,Rzeczpospolita Poland,https://www.rp.pl/,0,60,0,0,60
2026-06-16,Science.org news,https://www.science.org/,0,2,0,0,2
2026-06-16,The Guardian,www.theguardian.com,7,29,2,0,27
2026-06-16,The Guardian Europe,https://www.theguardian.com/europe,0,12,0,0,12
2026-06-16,The New York Times,https://rss.nytimes.com/services/xml/rss/nyt/HomePage.xml,3,32,1,0,31
2026-06-16,The Verge,www.theverge.com,0,28,0,0,28
2026-06-16,Upworthy,https://www.upworthy.com/,20,25,5,0,20
2026-06-16,VRT Nws,https://www.vrt.be/vrtnws/nl/,2,51,1,0,50
2026-06-16,Wired,www.wired.com,3,29,1,0,28
2026-06-17,BBC Top Stories,https://www.bbc.com/,7,29,2,0,27
2026-06-17,DR (Danish Public broadcaster),https://www.dr.dk/,0,37,0,0,37
2026-06-17,Dagens Nyheter,www.dn.se,0,54,0,0,54
2026-06-17,De Morgen,https://www.demorgen.be/,0,27,0,0,27
2026-06-17,De Standaard Binnenland,https://www.standaard.be/,0,14,0,0,14
2026-06-17,De Standaard Buitenland,https://www.standaard.be/buitenland/,0,20,0,0,20
2026-06-17,De Standaard Economie,https://www.standaard.be/economie/,0,13,0,0,13
2026-06-17,El pais,Https://elpais.com,0,12,0,0,12
2026-06-17,Euronews,www.euronews.com,11,18,2,0,16
2026-06-17,Frankfurter Allgemeine Zeitung,https://www.faz.net/aktuell/,0,47,0,0,47
2026-06-17,Gazet van Antwerpen,www.gva.be,2,61,1,0,60
2026-06-17,Good News Network,https://www.goodnewsnetwork.org/,63,8,5,0,3
2026-06-17,Het Laatste Nieuws,https://www.hln.be/,0,65,0,0,65
2026-06-17,Humo,https://www.humo.be/,0,2,0,0,2
2026-06-17,Le Figaro,https://www.lefigaro.fr/,0,43,0,0,43
2026-06-17,Le Monde,www.lemonde.fr,0,43,0,0,43
2026-06-17,NRC,www.nrc.nl,0,43,0,0,43
2026-06-17,Nature,https://www.nature.com,17,12,2,0,10
2026-06-17,Neue Zürcher Zeitung,www.nzz.ch,0,17,0,0,17
2026-06-17,Politiken.dk,www.politiken.dk,0,47,0,0,47
2026-06-17,Popular Science,https://popsci.com,0,9,0,0,9
2026-06-17,Positive News,https://www.positive.news/,0,1,0,0,1
2026-06-17,Rzeczpospolita Poland,https://www.rp.pl/,0,53,0,0,53
2026-06-17,Science.org news,https://www.science.org/,40,5,2,0,3
2026-06-17,The Guardian,www.theguardian.com,4,28,1,0,27
2026-06-17,The Guardian Europe,https://www.theguardian.com/europe,0,14,0,0,14
2026-06-17,The New York Times,https://rss.nytimes.com/services/xml/rss/nyt/HomePage.xml,0,35,0,0,35
2026-06-17,The Verge,www.theverge.com,0,20,0,0,20
2026-06-17,Upworthy,https://www.upworthy.com/,22,18,4,0,14
2026-06-17,VRT Nws,https://www.vrt.be/vrtnws/nl/,0,41,0,0,41
2026-06-17,Wired,www.wired.com,0,13,0,0,13
2026-06-18,BBC Top Stories,https://www.bbc.com/,3,33,1,0,32
2026-06-18,DR (Danish Public broadcaster),https://www.dr.dk/,0,35,0,0,35
2026-06-18,Dagens Nyheter,www.dn.se,0,60,0,0,60
2026-06-18,De Morgen,https://www.demorgen.be/,2,41,1,0,40
2026-06-18,De Standaard Binnenland,https://www.standaard.be/,0,11,0,0,11
2026-06-18,De Standaard Buitenland,https://www.standaard.be/buitenland/,0,17,0,0,17
2026-06-18,De Standaard Economie,https://www.standaard.be/economie/,0,10,0,0,10
2026-06-18,El pais,Https://elpais.com,0,9,0,0,9
2026-06-18,Euronews,www.euronews.com,0,22,0,0,22
2026-06-18,Frankfurter Allgemeine Zeitung,https://www.faz.net/aktuell/,0,56,0,0,56
2026-06-18,Gazet van Antwerpen,www.gva.be,2,102,2,0,100
2026-06-18,Good News Network,https://www.goodnewsnetwork.org/,60,5,3,0,2
2026-06-18,Het Laatste Nieuws,https://www.hln.be/,2,105,2,0,103
2026-06-18,Humo,https://www.humo.be/,0,1,0,0,1
2026-06-18,Le Figaro,https://www.lefigaro.fr/,2,41,1,0,40
2026-06-18,Le Monde,www.lemonde.fr,0,56,0,0,56
2026-06-18,NRC,www.nrc.nl,0,40,0,0,40
2026-06-18,Nature,https://www.nature.com,43,7,3,0,4
2026-06-18,Neue Zürcher Zeitung,www.nzz.ch,0,23,0,0,23
2026-06-18,Politiken.dk,www.politiken.dk,0,48,0,0,48
2026-06-18,Popular Science,https://popsci.com,0,7,0,0,7
2026-06-18,Positive News,https://www.positive.news/,100,1,1,0,0
2026-06-18,Rzeczpospolita Poland,https://www.rp.pl/,0,81,0,0,81
2026-06-18,Science.org news,https://www.science.org/,25,4,1,0,3
2026-06-18,The Guardian,www.theguardian.com,0,27,0,0,27
2026-06-18,The Guardian Europe,https://www.theguardian.com/europe,0,17,0,0,17
2026-06-18,The New York Times,https://rss.nytimes.com/services/xml/rss/nyt/HomePage.xml,0,30,0,0,30
2026-06-18,The Verge,www.theverge.com,5,20,1,0,19
2026-06-18,Upworthy,https://www.upworthy.com/,26,23,6,0,17
2026-06-18,VRT Nws,https://www.vrt.be/vrtnws/nl/,0,68,0,0,68
2026-06-18,Wired,www.wired.com,0,17,0,0,17
2026-06-19,BBC Top Stories,https://www.bbc.com/,0,38,0,0,38
2026-06-19,DR (Danish Public broadcaster),https://www.dr.dk/,0,19,0,0,19
2026-06-19,Dagens Nyheter,www.dn.se,0,41,0,0,41
2026-06-19,De Morgen,https://www.demorgen.be/,0,35,0,0,35
2026-06-19,De Standaard Binnenland,https://www.standaard.be/,7,15,1,0,14
2026-06-19,De Standaard Buitenland,https://www.standaard.be/buitenland/,5,19,1,0,18
2026-06-19,De Standaard Economie,https://www.standaard.be/economie/,0,19,0,0,19
2026-06-19,El pais,Https://elpais.com,0,9,0,0,9
2026-06-19,Euronews,www.euronews.com,7,14,1,0,13
2026-06-19,Frankfurter Allgemeine Zeitung,https://www.faz.net/aktuell/,0,52,0,0,52
2026-06-19,Gazet van Antwerpen,www.gva.be,0,81,0,0,81
2026-06-19,Good News Network,https://www.goodnewsnetwork.org/,20,5,1,0,4
2026-06-19,Het Laatste Nieuws,https://www.hln.be/,1,77,1,0,76
2026-06-19,Humo,https://www.humo.be/,0,2,0,0,2
2026-06-19,Le Figaro,https://www.lefigaro.fr/,0,43,0,0,43
2026-06-19,Le Monde,www.lemonde.fr,0,50,0,0,50
2026-06-19,NRC,www.nrc.nl,0,48,0,0,48
2026-06-19,Nature,https://www.nature.com,40,5,2,0,3
2026-06-19,Neue Zürcher Zeitung,www.nzz.ch,4,24,1,0,23
2026-06-19,Politiken.dk,www.politiken.dk,0,41,0,0,41
2026-06-19,Popular Science,https://popsci.com,33,3,1,0,2
2026-06-19,Positive News,https://www.positive.news/,50,2,1,0,1
2026-06-19,Rzeczpospolita Poland,https://www.rp.pl/,1,67,1,0,66
2026-06-19,Science.org news,https://www.science.org/,33,3,1,0,2
2026-06-19,The Guardian,www.theguardian.com,6,31,2,0,29
2026-06-19,The Guardian Europe,https://www.theguardian.com/europe,8,12,1,0,11
2026-06-19,The New York Times,https://rss.nytimes.com/services/xml/rss/nyt/HomePage.xml,0,33,0,0,33
2026-06-19,The Verge,www.theverge.com,0,10,0,0,10
2026-06-19,Upworthy,https://www.upworthy.com/,27,11,3,0,8
2026-06-19,VRT Nws,https://www.vrt.be/vrtnws/nl/,2,53,1,0,52
2026-06-19,Wired,www.wired.com,8,13,1,0,12
2026-06-20,BBC Top Stories,https://www.bbc.com/,0,20,0,0,20
2026-06-20,DR (Danish Public broadcaster),https://www.dr.dk/,0,11,0,0,11
2026-06-20,Dagens Nyheter,www.dn.se,0,40,0,0,40
2026-06-20,De Morgen,https://www.demorgen.be/,0,29,0,0,29
2026-06-20,De Standaard Binnenland,https://www.standaard.be/,0,6,0,0,6
2026-06-20,De Standaard Buitenland,https://www.standaard.be/buitenland/,0,15,0,0,15
2026-06-20,El pais,Https://elpais.com,0,8,0,0,8
2026-06-20,Euronews,www.euronews.com,0,8,0,0,8
2026-06-20,Frankfurter Allgemeine Zeitung,https://www.faz.net/aktuell/,0,36,0,0,36
2026-06-20,Gazet van Antwerpen,www.gva.be,2,56,1,0,55
2026-06-20,Good News Network,https://www.goodnewsnetwork.org/,50,4,2,0,2
2026-06-20,Het Laatste Nieuws,https://www.hln.be/,0,55,0,0,55
2026-06-20,Humo,https://www.humo.be/,0,2,0,0,2
2026-06-20,Le Figaro,https://www.lefigaro.fr/,0,22,0,0,22
2026-06-20,Le Monde,www.lemonde.fr,3,39,1,0,38
2026-06-20,NRC,www.nrc.nl,0,23,0,0,23
2026-06-20,Neue Zürcher Zeitung,www.nzz.ch,4,23,1,0,22
2026-06-20,Politiken.dk,www.politiken.dk,0,30,0,0,30
2026-06-20,Popular Science,https://popsci.com,0,3,0,0,3
2026-06-20,Rzeczpospolita Poland,https://www.rp.pl/,2,49,1,0,48
2026-06-20,The Guardian,www.theguardian.com,0,26,0,0,26
2026-06-20,The Guardian Europe,https://www.theguardian.com/europe,0,10,0,0,10
2026-06-20,The New York Times,https://rss.nytimes.com/services/xml/rss/nyt/HomePage.xml,0,15,0,0,15
2026-06-20,The Verge,www.theverge.com,0,5,0,0,5
2026-06-20,Upworthy,https://www.upworthy.com/,23,13,3,0,10
2026-06-20,VRT Nws,https://www.vrt.be/vrtnws/nl/,0,31,0,0,31
2026-06-20,Wired,www.wired.com,17,6,1,0,5
2026-06-21,BBC Top Stories,https://www.bbc.com/,0,26,0,0,26
2026-06-21,DR (Danish Public broadcaster),https://www.dr.dk/,0,9,0,0,9
2026-06-21,Dagens Nyheter,www.dn.se,0,43,0,0,43
2026-06-21,De Morgen,https://www.demorgen.be/,0,24,0,0,24
2026-06-21,De Standaard Binnenland,https://www.standaard.be/,0,8,0,0,8
2026-06-21,De Standaard Buitenland,https://www.standaard.be/buitenland/,0,11,0,0,11
2026-06-21,De Standaard Economie,https://www.standaard.be/economie/,0,2,0,0,2
2026-06-21,El pais,Https://elpais.com,29,7,2,0,5
2026-06-21,Euronews,www.euronews.com,0,7,0,0,7
2026-06-21,Frankfurter Allgemeine Zeitung,https://www.faz.net/aktuell/,0,43,0,0,43
2026-06-21,Gazet van Antwerpen,www.gva.be,0,66,0,0,66
2026-06-21,Good News Network,https://www.goodnewsnetwork.org/,50,6,3,0,3
2026-06-21,Het Laatste Nieuws,https://www.hln.be/,2,62,1,0,61
2026-06-21,Humo,https://www.humo.be/,0,1,0,0,1
2026-06-21,Le Figaro,https://www.lefigaro.fr/,4,25,1,0,24
2026-06-21,Le Monde,www.lemonde.fr,2,44,1,0,43
2026-06-21,NRC,www.nrc.nl,0,30,0,0,30
2026-06-21,Neue Zürcher Zeitung,www.nzz.ch,0,19,0,0,19
2026-06-21,Politiken.dk,www.politiken.dk,3,32,1,0,31
2026-06-21,Popular Science,https://popsci.com,33,3,1,0,2
2026-06-21,Rzeczpospolita Poland,https://www.rp.pl/,10,39,4,0,35
2026-06-21,The Guardian,www.theguardian.com,4,28,1,0,27
2026-06-21,The Guardian Europe,https://www.theguardian.com/europe,0,5,0,0,5
2026-06-21,The New York Times,https://rss.nytimes.com/services/xml/rss/nyt/HomePage.xml,0,20,0,0,20
2026-06-21,The Verge,www.theverge.com,0,6,0,0,6
2026-06-21,Upworthy,https://www.upworthy.com/,14,21,3,0,18
2026-06-21,VRT Nws,https://www.vrt.be/vrtnws/nl/,0,32,0,0,32
2026-06-21,Wired,www.wired.com,0,6,0,0,6
2026-06-22,BBC Top Stories,https://www.bbc.com/,3,35,1,0,34
2026-06-22,DR (Danish Public broadcaster),https://www.dr.dk/,0,15,0,0,15
2026-06-22,Dagens Nyheter,www.dn.se,0,56,0,0,56
2026-06-22,De Morgen,https://www.demorgen.be/,5,39,2,0,37
2026-06-22,De Standaard Binnenland,https://www.standaard.be/,0,17,0,0,17
2026-06-22,De Standaard Buitenland,https://www.standaard.be/buitenland/,0,18,0,0,18
2026-06-22,De Standaard Economie,https://www.standaard.be/economie/,0,13,0,0,13
2026-06-22,El pais,Https://elpais.com,0,11,0,0,11
2026-06-22,Euronews,www.euronews.com,6,17,1,0,16
2026-06-22,Frankfurter Allgemeine Zeitung,https://www.faz.net/aktuell/,0,51,0,0,51
2026-06-22,Gazet van Antwerpen,www.gva.be,0,89,0,0,89
2026-06-22,Good News Network,https://www.goodnewsnetwork.org/,29,7,2,0,5
2026-06-22,Het Laatste Nieuws,https://www.hln.be/,1,90,1,0,89
2026-06-22,Humo,https://www.humo.be/,0,4,0,0,4
2026-06-22,Le Figaro,https://www.lefigaro.fr/,0,42,0,0,42
2026-06-22,Le Monde,www.lemonde.fr,0,49,0,0,49
2026-06-22,NRC,www.nrc.nl,5,43,2,0,41
2026-06-22,Nature,https://www.nature.com,10,10,1,0,9
2026-06-22,Neue Zürcher Zeitung,www.nzz.ch,0,26,0,0,26
2026-06-22,Politiken.dk,www.politiken.dk,0,49,0,0,49
2026-06-22,Popular Science,https://popsci.com,29,7,2,0,5
2026-06-22,Positive News,https://www.positive.news/,100,1,1,0,0
2026-06-22,Rzeczpospolita Poland,https://www.rp.pl/,1,76,1,0,75
2026-06-22,Science.org news,https://www.science.org/,33,3,1,0,2
2026-06-22,The Guardian,www.theguardian.com,0,27,0,0,27
2026-06-22,The Guardian Europe,https://www.theguardian.com/europe,0,11,0,0,11
2026-06-22,The New York Times,https://rss.nytimes.com/services/xml/rss/nyt/HomePage.xml,0,30,0,0,30
2026-06-22,The Verge,www.theverge.com,0,19,0,0,19
2026-06-22,Upworthy,https://www.upworthy.com/,29,17,5,0,12
2026-06-22,VRT Nws,https://www.vrt.be/vrtnws/nl/,0,47,0,0,47
2026-06-22,Wired,www.wired.com,8,12,1,0,11
2026-06-23,BBC Top Stories,https://www.bbc.com/,3,32,1,0,31
2026-06-23,DR (Danish Public broadcaster),https://www.dr.dk/,0,16,0,0,16
2026-06-23,Dagens Nyheter,www.dn.se,0,45,0,0,45
2026-06-23,De Morgen,https://www.demorgen.be/,0,25,0,0,25
2026-06-23,De Standaard Binnenland,https://www.standaard.be/,0,20,0,0,20
2026-06-23,De Standaard Buitenland,https://www.standaard.be/buitenland/,0,17,0,0,17
2026-06-23,De Standaard Economie,https://www.standaard.be/economie/,0,11,0,0,11
2026-06-23,El pais,Https://elpais.com,0,11,0,0,11
2026-06-23,Euronews,www.euronews.com,0,13,0,0,13
2026-06-23,Frankfurter Allgemeine Zeitung,https://www.faz.net/aktuell/,0,36,0,0,36
2026-06-23,Gazet van Antwerpen,www.gva.be,3,60,2,0,58
2026-06-23,Good News Network,https://www.goodnewsnetwork.org/,67,6,4,0,2
2026-06-23,Het Laatste Nieuws,https://www.hln.be/,0,58,0,0,58
2026-06-23,Humo,https://www.humo.be/,0,1,0,0,1
2026-06-23,Le Figaro,https://www.lefigaro.fr/,0,38,0,0,38
2026-06-23,Le Monde,www.lemonde.fr,0,42,0,0,42
2026-06-23,NRC,www.nrc.nl,2,41,1,0,40
2026-06-23,Nature,https://www.nature.com,18,11,2,0,9
2026-06-23,Neue Zürcher Zeitung,www.nzz.ch,0,28,0,0,28
2026-06-23,Politiken.dk,www.politiken.dk,0,42,0,0,42
2026-06-23,Popular Science,https://popsci.com,4,26,1,0,25
2026-06-23,Positive News,https://www.positive.news/,0,1,0,0,1
2026-06-23,Rzeczpospolita Poland,https://www.rp.pl/,0,53,0,0,53
2026-06-23,Science.org news,https://www.science.org/,50,2,1,0,1
2026-06-23,The Guardian,www.theguardian.com,7,28,2,0,26
2026-06-23,The Guardian Europe,https://www.theguardian.com/europe,0,10,0,0,10
2026-06-23,The New York Times,https://rss.nytimes.com/services/xml/rss/nyt/HomePage.xml,0,29,0,0,29
2026-06-23,The Verge,www.theverge.com,0,28,0,0,28
2026-06-23,Upworthy,https://www.upworthy.com/,23,13,3,0,10
2026-06-23,VRT Nws,https://www.vrt.be/vrtnws/nl/,2,47,1,0,46
2026-06-23,Wired,www.wired.com,0,36,0,0,36
2026-06-24,BBC Top Stories,https://www.bbc.com/,0,28,0,0,28
2026-06-24,DR (Danish Public broadcaster),https://www.dr.dk/,0,18,0,0,18
2026-06-24,Dagens Nyheter,www.dn.se,2,51,1,0,50
2026-06-24,De Morgen,https://www.demorgen.be/,0,31,0,0,31
2026-06-24,De Standaard Binnenland,https://www.standaard.be/,0,18,0,0,18
2026-06-24,De Standaard Buitenland,https://www.standaard.be/buitenland/,0,20,0,0,20
2026-06-24,De Standaard Economie,https://www.standaard.be/economie/,7,14,1,0,13
2026-06-24,El pais,Https://elpais.com,0,9,0,0,9
2026-06-24,Euronews,www.euronews.com,0,15,0,0,15
2026-06-24,Frankfurter Allgemeine Zeitung,https://www.faz.net/aktuell/,0,44,0,0,44
2026-06-24,Gazet van Antwerpen,www.gva.be,3,59,2,0,57
2026-06-24,Good News Network,https://www.goodnewsnetwork.org/,80,5,4,0,1
2026-06-24,Het Laatste Nieuws,https://www.hln.be/,2,58,1,0,57
2026-06-24,Humo,https://www.humo.be/,0,1,0,0,1
2026-06-24,Le Figaro,https://www.lefigaro.fr/,0,33,0,0,33
2026-06-24,Le Monde,www.lemonde.fr,0,41,0,0,41
2026-06-24,Microsoft Research,https://www.microsoft.com/en-us/research/,0,1,0,0,1
2026-06-24,NRC,www.nrc.nl,0,43,0,0,43
2026-06-24,Nature,https://www.nature.com,23,13,3,0,10
2026-06-24,Neue Zürcher Zeitung,www.nzz.ch,0,25,0,0,25
2026-06-24,Politiken.dk,www.politiken.dk,0,41,0,0,41
2026-06-24,Popular Science,https://popsci.com,9,11,1,0,10
2026-06-24,Positive News,https://www.positive.news/,100,1,1,0,0
2026-06-24,Rzeczpospolita Poland,https://www.rp.pl/,2,61,1,0,60
2026-06-24,Science.org news,https://www.science.org/,14,7,1,0,6
2026-06-24,The Guardian,www.theguardian.com,4,26,1,0,25
2026-06-24,The Guardian Europe,https://www.theguardian.com/europe,6,16,1,0,15
2026-06-24,The New York Times,https://rss.nytimes.com/services/xml/rss/nyt/HomePage.xml,0,29,0,0,29
2026-06-24,The Verge,www.theverge.com,0,24,0,0,24
2026-06-24,Upworthy,https://www.upworthy.com/,35,17,6,0,11
2026-06-24,VRT Nws,https://www.vrt.be/vrtnws/nl/,4,46,2,0,44
2026-06-24,Wired,www.wired.com,3,35,1,0,34
2026-06-25,BBC Top Stories,https://www.bbc.com/,0,39,0,0,39
2026-06-25,DR (Danish Public broadcaster),https://www.dr.dk/,0,13,0,0,13
2026-06-25,Dagens Nyheter,www.dn.se,2,55,1,0,54
2026-06-25,De Morgen,https://www.demorgen.be/,0,48,0,0,48
2026-06-25,De Standaard Binnenland,https://www.standaard.be/,0,18,0,0,18
2026-06-25,De Standaard Buitenland,https://www.standaard.be/buitenland/,0,20,0,0,20
2026-06-25,De Standaard Economie,https://www.standaard.be/economie/,0,15,0,0,15
2026-06-25,El pais,Https://elpais.com,0,10,0,0,10
2026-06-25,Euronews,www.euronews.com,0,18,0,0,18
2026-06-25,Frankfurter Allgemeine Zeitung,https://www.faz.net/aktuell/,0,63,0,0,63
2026-06-25,Gazet van Antwerpen,www.gva.be,1,118,1,0,117
2026-06-25,Good News Network,https://www.goodnewsnetwork.org/,60,5,3,0,2
2026-06-25,Het Laatste Nieuws,https://www.hln.be/,1,119,1,0,118
2026-06-25,Humo,https://www.humo.be/,0,2,0,0,2
2026-06-25,Le Figaro,https://www.lefigaro.fr/,0,52,0,0,52
2026-06-25,Le Monde,www.lemonde.fr,0,58,0,0,58
2026-06-25,Microsoft Research,https://www.microsoft.com/en-us/research/,0,1,0,0,1
2026-06-25,NRC,www.nrc.nl,0,42,0,0,42
2026-06-25,Nature,https://www.nature.com,15,13,2,0,11
2026-06-25,Neue Zürcher Zeitung,www.nzz.ch,4,27,1,0,26
2026-06-25,Politiken.dk,www.politiken.dk,0,57,0,0,57
2026-06-25,Popular Science,https://popsci.com,33,12,4,0,8
2026-06-25,Positive News,https://www.positive.news/,100,1,1,0,0
2026-06-25,Rzeczpospolita Poland,https://www.rp.pl/,0,97,0,0,97
2026-06-25,Science.org news,https://www.science.org/,0,2,0,0,2
2026-06-25,The Guardian,www.theguardian.com,0,33,0,0,33
2026-06-25,The Guardian Europe,https://www.theguardian.com/europe,0,12,0,0,12
2026-06-25,The New York Times,https://rss.nytimes.com/services/xml/rss/nyt/HomePage.xml,0,32,0,0,32
2026-06-25,The Verge,www.theverge.com,0,31,0,0,31
2026-06-25,Upworthy,https://www.upworthy.com/,40,20,8,0,12
2026-06-25,VRT Nws,https://www.vrt.be/vrtnws/nl/,1,79,1,0,78
2026-06-25,Wired,www.wired.com,0,27,0,0,27
2026-06-26,BBC Top Stories,https://www.bbc.com/,0,28,0,0,28
2026-06-26,DR (Danish Public broadcaster),https://www.dr.dk/,0,12,0,0,12
2026-06-26,Dagens Nyheter,www.dn.se,2,54,1,0,53
2026-06-26,De Morgen,https://www.demorgen.be/,0,28,0,0,28
2026-06-26,De Standaard Binnenland,https://www.standaard.be/,0,17,0,0,17
2026-06-26,De Standaard Buitenland,https://www.standaard.be/buitenland/,0,27,0,0,27
2026-06-26,De Standaard Economie,https://www.standaard.be/economie/,0,16,0,0,16
2026-06-26,El pais,Https://elpais.com,0,10,0,0,10
2026-06-26,Euronews,www.euronews.com,6,16,1,0,15
2026-06-26,Frankfurter Allgemeine Zeitung,https://www.faz.net/aktuell/,0,49,0,0,49
2026-06-26,Gazet van Antwerpen,www.gva.be,0,69,0,0,69
2026-06-26,Good News Network,https://www.goodnewsnetwork.org/,60,5,3,0,2
2026-06-26,Het Laatste Nieuws,https://www.hln.be/,0,63,0,0,63
2026-06-26,Humo,https://www.humo.be/,0,2,0,0,2
2026-06-26,Le Figaro,https://www.lefigaro.fr/,0,51,0,0,51
2026-06-26,Le Monde,www.lemonde.fr,0,50,0,0,50
2026-06-26,NRC,www.nrc.nl,4,46,2,0,44
2026-06-26,Nature,https://www.nature.com,13,8,1,0,7
2026-06-26,Neue Zürcher Zeitung,www.nzz.ch,0,20,0,0,20
2026-06-26,Politiken.dk,www.politiken.dk,0,44,0,0,44
2026-06-26,Popular Science,https://popsci.com,20,10,2,0,8
2026-06-26,Positive News,https://www.positive.news/,67,3,2,0,1
2026-06-26,Rzeczpospolita Poland,https://www.rp.pl/,0,61,0,0,61
2026-06-26,Science.org news,https://www.science.org/,0,3,0,0,3
2026-06-26,The Guardian,www.theguardian.com,7,27,2,0,25
2026-06-26,The Guardian Europe,https://www.theguardian.com/europe,20,10,2,0,8
2026-06-26,The New York Times,https://rss.nytimes.com/services/xml/rss/nyt/HomePage.xml,0,32,0,0,32
2026-06-26,The Verge,www.theverge.com,0,20,0,0,20
2026-06-26,Upworthy,https://www.upworthy.com/,21,14,3,0,11
2026-06-26,VRT Nws,https://www.vrt.be/vrtnws/nl/,0,35,0,0,35
2026-06-26,Wired,www.wired.com,3,37,1,0,36
2026-06-27,BBC Top Stories,https://www.bbc.com/,0,24,0,0,24
2026-06-27,DR (Danish Public broadcaster),https://www.dr.dk/,0,19,0,0,19
2026-06-27,Dagens Nyheter,www.dn.se,0,54,0,0,54
2026-06-27,De Morgen,https://www.demorgen.be/,3,40,1,0,39
2026-06-27,De Standaard Binnenland,https://www.standaard.be/,0,6,0,0,6
2026-06-27,De Standaard Buitenland,https://www.standaard.be/buitenland/,0,6,0,0,6
2026-06-27,De Standaard Economie,https://www.standaard.be/economie/,33,3,1,0,2
2026-06-27,El pais,Https://elpais.com,0,7,0,0,7
2026-06-27,Euronews,www.euronews.com,0,13,0,0,13
2026-06-27,Frankfurter Allgemeine Zeitung,https://www.faz.net/aktuell/,0,35,0,0,35
2026-06-27,Gazet van Antwerpen,www.gva.be,0,87,0,0,87
2026-06-27,Good News Network,https://www.goodnewsnetwork.org/,50,6,3,0,3
2026-06-27,Het Laatste Nieuws,https://www.hln.be/,0,87,0,0,87
2026-06-27,Humo,https://www.humo.be/,0,3,0,0,3
2026-06-27,Le Figaro,https://www.lefigaro.fr/,0,37,0,0,37
2026-06-27,Le Monde,www.lemonde.fr,0,36,0,0,36
2026-06-27,NRC,www.nrc.nl,0,23,0,0,23
2026-06-27,Neue Zürcher Zeitung,www.nzz.ch,6,18,1,0,17
2026-06-27,Politiken.dk,www.politiken.dk,0,33,0,0,33
2026-06-27,Popular Science,https://popsci.com,25,4,1,0,3
2026-06-27,Rzeczpospolita Poland,https://www.rp.pl/,4,51,2,0,49
2026-06-27,The Guardian,www.theguardian.com,0,28,0,0,28
2026-06-27,The Guardian Europe,https://www.theguardian.com/europe,0,9,0,0,9
2026-06-27,The New York Times,https://rss.nytimes.com/services/xml/rss/nyt/HomePage.xml,0,26,0,0,26
2026-06-27,The Verge,www.theverge.com,0,10,0,0,10
2026-06-27,Upworthy,https://www.upworthy.com/,0,4,0,0,4
2026-06-27,VRT Nws,https://www.vrt.be/vrtnws/nl/,3,32,1,0,31
2026-06-27,Wired,www.wired.com,0,8,0,0,8
2026-06-28,BBC Top Stories,https://www.bbc.com/,0,30,0,0,30
2026-06-28,DR (Danish Public broadcaster),https://www.dr.dk/,8,13,1,0,12
2026-06-28,Dagens Nyheter,www.dn.se,2,46,1,0,45
2026-06-28,De Morgen,https://www.demorgen.be/,0,18,0,0,18
2026-06-28,De Standaard Binnenland,https://www.standaard.be/,0,8,0,0,8
2026-06-28,De Standaard Buitenland,https://www.standaard.be/buitenland/,0,16,0,0,16
2026-06-28,De Standaard Economie,https://www.standaard.be/economie/,0,3,0,0,3
2026-06-28,El pais,Https://elpais.com,0,11,0,0,11
2026-06-28,Euronews,www.euronews.com,0,9,0,0,9
2026-06-28,Frankfurter Allgemeine Zeitung,https://www.faz.net/aktuell/,0,39,0,0,39
2026-06-28,Gazet van Antwerpen,www.gva.be,2,60,1,0,59
2026-06-28,Good News Network,https://www.goodnewsnetwork.org/,50,8,4,0,4
2026-06-28,Het Laatste Nieuws,https://www.hln.be/,0,64,0,0,64
2026-06-28,Le Figaro,https://www.lefigaro.fr/,0,32,0,0,32
2026-06-28,Le Monde,www.lemonde.fr,0,37,0,0,37
2026-06-28,NRC,www.nrc.nl,0,29,0,0,29
2026-06-28,Neue Zürcher Zeitung,www.nzz.ch,0,23,0,0,23
2026-06-28,Politiken.dk,www.politiken.dk,0,36,0,0,36
2026-06-28,Popular Science,https://popsci.com,50,4,2,0,2
2026-06-28,Rzeczpospolita Poland,https://www.rp.pl/,2,48,1,0,47
2026-06-28,The Guardian,www.theguardian.com,0,25,0,0,25
2026-06-28,The Guardian Europe,https://www.theguardian.com/europe,0,3,0,0,3
2026-06-28,The New York Times,https://rss.nytimes.com/services/xml/rss/nyt/HomePage.xml,0,17,0,0,17
2026-06-28,The Verge,www.theverge.com,0,8,0,0,8
2026-06-28,Upworthy,https://www.upworthy.com/,25,8,2,0,6
2026-06-28,VRT Nws,https://www.vrt.be/vrtnws/nl/,0,30,0,0,30
2026-06-28,Wired,www.wired.com,14,7,1,0,6
2026-06-29,BBC Top Stories,https://www.bbc.com/,2,42,1,0,41
2026-06-29,DR (Danish Public broadcaster),https://www.dr.dk/,0,19,0,0,19
2026-06-29,Dagens Nyheter,www.dn.se,0,50,0,0,50
2026-06-29,De Morgen,https://www.demorgen.be/,3,31,1,0,30
2026-06-29,De Standaard Binnenland,https://www.standaard.be/,8,12,1,0,11
2026-06-29,De Standaard Buitenland,https://www.standaard.be/buitenland/,0,22,0,0,22
2026-06-29,De Standaard Economie,https://www.standaard.be/economie/,0,10,0,0,10
2026-06-29,El pais,Https://elpais.com,0,5,0,0,5
2026-06-29,Euronews,www.euronews.com,5,19,1,0,18
2026-06-29,Frankfurter Allgemeine Zeitung,https://www.faz.net/aktuell/,0,45,0,0,45
2026-06-29,Gazet van Antwerpen,www.gva.be,3,76,2,0,74
2026-06-29,Good News Network,https://www.goodnewsnetwork.org/,67,6,4,0,2
2026-06-29,Het Laatste Nieuws,https://www.hln.be/,0,75,0,0,75
2026-06-29,Le Figaro,https://www.lefigaro.fr/,0,39,0,0,39
2026-06-29,Le Monde,www.lemonde.fr,2,44,1,0,43
2026-06-29,Microsoft Research,https://www.microsoft.com/en-us/research/,0,1,0,0,1
2026-06-29,NRC,www.nrc.nl,0,39,0,0,39
2026-06-29,Nature,https://www.nature.com,14,7,1,0,6
2026-06-29,Neue Zürcher Zeitung,www.nzz.ch,0,27,0,0,27
2026-06-29,Politiken.dk,www.politiken.dk,0,42,0,0,42
2026-06-29,Popular Science,https://popsci.com,14,7,1,0,6
2026-06-29,Positive News,https://www.positive.news/,100,1,1,0,0
2026-06-29,Rzeczpospolita Poland,https://www.rp.pl/,0,69,0,0,69
2026-06-29,Science.org news,https://www.science.org/,0,2,0,0,2
2026-06-29,The Guardian,www.theguardian.com,8,26,2,0,24
2026-06-29,The Guardian Europe,https://www.theguardian.com/europe,14,14,2,0,12
2026-06-29,The New York Times,https://rss.nytimes.com/services/xml/rss/nyt/HomePage.xml,4,28,1,0,27
2026-06-29,The Verge,www.theverge.com,0,19,0,0,19
2026-06-29,Upworthy,https://www.upworthy.com/,40,15,6,0,9
2026-06-29,VRT Nws,https://www.vrt.be/vrtnws/nl/,2,54,1,0,53
2026-06-29,Wired,www.wired.com,0,12,0,0,12
2026-06-30,BBC Top Stories,https://www.bbc.com/,0,27,0,0,27
2026-06-30,DR (Danish Public broadcaster),https://www.dr.dk/,0,24,0,0,24
2026-06-30,Dagens Nyheter,www.dn.se,4,57,2,0,55
2026-06-30,De Morgen,https://www.demorgen.be/,0,31,0,0,31
2026-06-30,De Standaard Binnenland,https://www.standaard.be/,0,12,0,0,12
2026-06-30,De Standaard Buitenland,https://www.standaard.be/buitenland/,0,13,0,0,13
2026-06-30,De Standaard Economie,https://www.standaard.be/economie/,0,6,0,0,6
2026-06-30,El pais,Https://elpais.com,0,7,0,0,7
2026-06-30,Euronews,www.euronews.com,9,11,1,0,10
2026-06-30,Frankfurter Allgemeine Zeitung,https://www.faz.net/aktuell/,0,52,0,0,52
2026-06-30,Gazet van Antwerpen,www.gva.be,1,71,1,0,70
2026-06-30,Good News Network,https://www.goodnewsnetwork.org/,57,7,4,0,3
2026-06-30,Het Laatste Nieuws,https://www.hln.be/,1,72,1,0,71
2026-06-30,Humo,https://www.humo.be/,0,1,0,0,1
2026-06-30,Le Figaro,https://www.lefigaro.fr/,0,38,0,0,38
2026-06-30,Le Monde,www.lemonde.fr,0,46,0,0,46
2026-06-30,Microsoft Research,https://www.microsoft.com/en-us/research/,0,1,0,0,1
2026-06-30,NRC,www.nrc.nl,3,40,1,0,39
2026-06-30,Nature,https://www.nature.com,0,10,0,0,10
2026-06-30,Neue Zürcher Zeitung,www.nzz.ch,0,26,0,0,26
2026-06-30,Politiken.dk,www.politiken.dk,0,55,0,0,55
2026-06-30,Popular Science,https://popsci.com,80,5,4,0,1
2026-06-30,Positive News,https://www.positive.news/,100,1,1,0,0
2026-06-30,Rzeczpospolita Poland,https://www.rp.pl/,0,64,0,1,63
2026-06-30,Science.org news,https://www.science.org/,50,2,1,0,1
2026-06-30,The Guardian,www.theguardian.com,3,33,1,0,32
2026-06-30,The Guardian Europe,https://www.theguardian.com/europe,6,16,1,0,15
2026-06-30,The New York Times,https://rss.nytimes.com/services/xml/rss/nyt/HomePage.xml,0,29,0,0,29
2026-06-30,The Verge,www.theverge.com,0,19,0,0,19
2026-06-30,Upworthy,https://www.upworthy.com/,20,15,3,0,12
2026-06-30,VRT Nws,https://www.vrt.be/vrtnws/nl/,2,53,1,0,52
2026-06-30,Wired,www.wired.com,0,9,0,0,9
2026-07-01,BBC Top Stories,https://www.bbc.com/,3,38,1,0,37
2026-07-01,DR (Danish Public broadcaster),https://www.dr.dk/,0,24,0,0,24
2026-07-01,Dagens Nyheter,www.dn.se,2,48,1,0,47
2026-07-01,De Morgen,https://www.demorgen.be/,3,29,1,0,28
2026-07-01,De Standaard Binnenland,https://www.standaard.be/,0,15,0,0,15
2026-07-01,De Standaard Buitenland,https://www.standaard.be/buitenland/,0,12,0,0,12
2026-07-01,De Standaard Economie,https://www.standaard.be/economie/,0,12,0,0,12
2026-07-01,El pais,Https://elpais.com,0,6,0,0,6
2026-07-01,Euronews,www.euronews.com,10,10,1,0,9
2026-07-01,Frankfurter Allgemeine Zeitung,https://www.faz.net/aktuell/,0,47,0,0,47
2026-07-01,Gazet van Antwerpen,www.gva.be,0,63,0,0,63
2026-07-01,Good News Network,https://www.goodnewsnetwork.org/,50,6,3,0,3
2026-07-01,Het Laatste Nieuws,https://www.hln.be/,2,64,1,0,63
2026-07-01,Humo,https://www.humo.be/,0,2,0,0,2
2026-07-01,Le Figaro,https://www.lefigaro.fr/,0,50,0,0,50
2026-07-01,Le Monde,www.lemonde.fr,0,50,0,0,50
2026-07-01,NRC,www.nrc.nl,7,43,3,0,40
2026-07-01,Nature,https://www.nature.com,13,16,2,0,14
2026-07-01,Neue Zürcher Zeitung,www.nzz.ch,0,20,0,0,20
2026-07-01,Politiken.dk,www.politiken.dk,0,46,0,0,46
2026-07-01,Popular Science,https://popsci.com,0,6,0,0,6
2026-07-01,Positive News,https://www.positive.news/,0,1,0,0,1
2026-07-01,Rzeczpospolita Poland,https://www.rp.pl/,0,57,0,0,57
2026-07-01,Science.org news,https://www.science.org/,0,5,0,0,5
2026-07-01,The Guardian,www.theguardian.com,3,32,1,0,31
2026-07-01,The Guardian Europe,https://www.theguardian.com/europe,0,16,0,0,16
2026-07-01,The New York Times,https://rss.nytimes.com/services/xml/rss/nyt/HomePage.xml,3,32,1,0,31
2026-07-01,The Verge,www.theverge.com,0,20,0,0,20
2026-07-01,Upworthy,https://www.upworthy.com/,18,17,3,0,14
2026-07-01,VRT Nws,https://www.vrt.be/vrtnws/nl/,2,43,1,0,42
2026-07-01,Wired,www.wired.com,6,16,1,0,15
2026-07-02,BBC Top Stories,https://www.bbc.com/,4,26,1,0,25
2026-07-02,DR (Danish Public broadcaster),https://www.dr.dk/,0,26,0,0,26
2026-07-02,Dagens Nyheter,www.dn.se,2,48,1,0,47
2026-07-02,De Morgen,https://www.demorgen.be/,0,30,0,0,30
2026-07-02,De Standaard Binnenland,https://www.standaard.be/,0,14,0,0,14
2026-07-02,De Standaard Buitenland,https://www.standaard.be/buitenland/,0,17,0,0,17
2026-07-02,De Standaard Economie,https://www.standaard.be/economie/,0,11,0,0,11
2026-07-02,El pais,Https://elpais.com,0,8,0,0,8
2026-07-02,Frankfurter Allgemeine Zeitung,https://www.faz.net/aktuell/,0,45,0,0,45
2026-07-02,Gazet van Antwerpen,www.gva.be,3,62,2,0,60
2026-07-02,Good News Network,https://www.goodnewsnetwork.org/,67,6,4,0,2
2026-07-02,Het Laatste Nieuws,https://www.hln.be/,3,62,2,0,60
2026-07-02,Humo,https://www.humo.be/,0,3,0,0,3
2026-07-02,Le Figaro,https://www.lefigaro.fr/,0,37,0,0,37
2026-07-02,Le Monde,www.lemonde.fr,2,43,1,0,42
2026-07-02,NRC,www.nrc.nl,0,43,0,0,43
2026-07-02,Nature,https://www.nature.com,0,6,0,0,6
2026-07-02,Neue Zürcher Zeitung,www.nzz.ch,0,22,0,0,22
2026-07-02,Politiken.dk,www.politiken.dk,0,47,0,0,47
2026-07-02,Popular Science,https://popsci.com,20,10,2,0,8
2026-07-02,Positive News,https://www.positive.news/,0,1,0,0,1
2026-07-02,Rzeczpospolita Poland,https://www.rp.pl/,2,55,1,0,54
2026-07-02,Science.org news,https://www.science.org/,20,5,1,0,4
2026-07-02,The Guardian,www.theguardian.com,6,31,2,0,29
2026-07-02,The Guardian Europe,https://www.theguardian.com/europe,7,15,1,0,14
2026-07-02,The New York Times,https://rss.nytimes.com/services/xml/rss/nyt/HomePage.xml,0,30,0,0,30
2026-07-02,The Verge,www.theverge.com,0,12,0,0,12
2026-07-02,Upworthy,https://www.upworthy.com/,17,18,3,0,15
2026-07-02,VRT Nws,https://www.vrt.be/vrtnws/nl/,0,42,0,0,42
2026-07-02,Wired,www.wired.com,0,11,0,0,11
2026-07-03,BBC Top Stories,https://www.bbc.com/,0,21,0,0,21
2026-07-03,DR (Danish Public broadcaster),https://www.dr.dk/,0,26,0,0,26
2026-07-03,Dagens Nyheter,www.dn.se,0,49,0,0,49
2026-07-03,De Morgen,https://www.demorgen.be/,3,32,1,0,31
2026-07-03,De Standaard Binnenland,https://www.standaard.be/,0,13,0,0,13
2026-07-03,De Standaard Buitenland,https://www.standaard.be/buitenland/,0,21,0,0,21
2026-07-03,De Standaard Economie,https://www.standaard.be/economie/,0,11,0,0,11
2026-07-03,El pais,Https://elpais.com,0,6,0,0,6
2026-07-03,Euronews,www.euronews.com,5,19,1,0,18
2026-07-03,Frankfurter Allgemeine Zeitung,https://www.faz.net/aktuell/,0,39,0,0,39
2026-07-03,Gazet van Antwerpen,www.gva.be,0,63,0,0,63
2026-07-03,Good News Network,https://www.goodnewsnetwork.org/,60,5,3,0,2
2026-07-03,Het Laatste Nieuws,https://www.hln.be/,0,70,0,0,70
2026-07-03,Le Figaro,https://www.lefigaro.fr/,0,41,0,0,41
2026-07-03,Le Monde,www.lemonde.fr,0,49,0,0,49
2026-07-03,NRC,www.nrc.nl,0,43,0,0,43
2026-07-03,Nature,https://www.nature.com,50,2,1,0,1
2026-07-03,Neue Zürcher Zeitung,www.nzz.ch,0,27,0,1,26
2026-07-03,Politiken.dk,www.politiken.dk,0,43,0,0,43
2026-07-03,Popular Science,https://popsci.com,25,4,1,0,3
2026-07-03,Positive News,https://www.positive.news/,0,1,0,0,1
2026-07-03,Rzeczpospolita Poland,https://www.rp.pl/,2,56,1,0,55
2026-07-03,The Guardian,www.theguardian.com,0,26,0,0,26
2026-07-03,The Guardian Europe,https://www.theguardian.com/europe,0,10,0,0,10
2026-07-03,The New York Times,https://rss.nytimes.com/services/xml/rss/nyt/HomePage.xml,0,20,0,0,20
2026-07-03,The Verge,www.theverge.com,0,11,0,0,11
2026-07-03,Upworthy,https://www.upworthy.com/,14,7,1,0,6
2026-07-03,VRT Nws,https://www.vrt.be/vrtnws/nl/,3,36,1,0,35
2026-07-03,Wired,www.wired.com,0,12,0,0,12
2026-07-04,BBC Top Stories,https://www.bbc.com/,0,28,0,0,28
2026-07-04,DR (Danish Public broadcaster),https://www.dr.dk/,0,11,0,0,11
2026-07-04,Dagens Nyheter,www.dn.se,0,44,0,0,44
2026-07-04,De Morgen,https://www.demorgen.be/,0,30,0,0,30
2026-07-04,De Standaard Binnenland,https://www.standaard.be/,0,6,0,0,6
2026-07-04,De Standaard Buitenland,https://www.standaard.be/buitenland/,0,9,0,0,9
2026-07-04,El pais,Https://elpais.com,0,6,0,0,6
2026-07-04,Frankfurter Allgemeine Zeitung,https://www.faz.net/aktuell/,0,30,0,0,30
2026-07-04,Gazet van Antwerpen,www.gva.be,1,69,1,0,68
2026-07-04,Good News Network,https://www.goodnewsnetwork.org/,20,5,1,0,4
2026-07-04,Het Laatste Nieuws,https://www.hln.be/,2,65,1,0,64
2026-07-04,Humo,https://www.humo.be/,0,3,0,0,3
2026-07-04,Le Figaro,https://www.lefigaro.fr/,0,35,0,0,35
2026-07-04,Le Monde,www.lemonde.fr,2,41,1,0,40
2026-07-04,NRC,www.nrc.nl,0,21,0,0,21
2026-07-04,Neue Zürcher Zeitung,www.nzz.ch,0,26,0,0,26
2026-07-04,Politiken.dk,www.politiken.dk,0,45,0,0,45
2026-07-04,Popular Science,https://popsci.com,100,2,2,0,0
2026-07-04,Rzeczpospolita Poland,https://www.rp.pl/,4,50,2,0,48
2026-07-04,The Guardian,www.theguardian.com,0,26,0,0,26
2026-07-04,The Guardian Europe,https://www.theguardian.com/europe,0,12,0,0,12
2026-07-04,The New York Times,https://rss.nytimes.com/services/xml/rss/nyt/HomePage.xml,4,24,1,0,23
2026-07-04,The Verge,www.theverge.com,0,8,0,0,8
2026-07-04,Upworthy,https://www.upworthy.com/,25,8,2,0,6
2026-07-04,VRT Nws,https://www.vrt.be/vrtnws/nl/,0,39,0,0,39
2026-07-04,Wired,www.wired.com,29,7,2,0,5
2026-07-05,BBC Top Stories,https://www.bbc.com/,0,27,0,0,27
2026-07-05,DR (Danish Public broadcaster),https://www.dr.dk/,0,3,0,0,3
2026-07-05,Dagens Nyheter,www.dn.se,0,48,0,0,48
2026-07-05,De Morgen,https://www.demorgen.be/,0,20,0,0,20
2026-07-05,De Standaard Binnenland,https://www.standaard.be/,0,11,0,0,11
2026-07-05,De Standaard Buitenland,https://www.standaard.be/buitenland/,0,15,0,0,15
2026-07-05,De Standaard Economie,https://www.standaard.be/economie/,0,4,0,0,4
2026-07-05,El pais,Https://elpais.com,0,6,0,0,6
2026-07-05,Euronews,www.euronews.com,0,9,0,0,9
2026-07-05,Frankfurter Allgemeine Zeitung,https://www.faz.net/aktuell/,0,37,0,0,37
2026-07-05,Gazet van Antwerpen,www.gva.be,2,52,1,0,51
2026-07-05,Good News Network,https://www.goodnewsnetwork.org/,33,6,2,0,4
2026-07-05,Het Laatste Nieuws,https://www.hln.be/,0,54,0,0,54
2026-07-05,Le Figaro,https://www.lefigaro.fr/,0,47,0,0,47
2026-07-05,Le Monde,www.lemonde.fr,0,41,0,0,41
2026-07-05,NRC,www.nrc.nl,4,26,1,0,25
2026-07-05,Neue Zürcher Zeitung,www.nzz.ch,0,20,0,0,20
2026-07-05,Politiken.dk,www.politiken.dk,0,32,0,0,32
2026-07-05,Popular Science,https://popsci.com,67,3,2,0,1
2026-07-05,Rzeczpospolita Poland,https://www.rp.pl/,0,46,0,0,46
2026-07-05,The Guardian,www.theguardian.com,3,29,1,0,28
2026-07-05,The Guardian Europe,https://www.theguardian.com/europe,14,7,1,0,6
2026-07-05,The New York Times,https://rss.nytimes.com/services/xml/rss/nyt/HomePage.xml,0,15,0,0,15
2026-07-05,The Verge,www.theverge.com,0,8,0,0,8
2026-07-05,Upworthy,https://www.upworthy.com/,10,10,1,0,9
2026-07-05,VRT Nws,https://www.vrt.be/vrtnws/nl/,3,30,1,0,29
2026-07-05,Wired,www.wired.com,17,6,1,0,5
2026-07-06,BBC Top Stories,https://www.bbc.com/,0,35,0,0,35
2026-07-06,DR (Danish Public broadcaster),https://www.dr.dk/,0,23,0,0,23
2026-07-06,Dagens Nyheter,www.dn.se,2,46,1,0,45
2026-07-06,De Morgen,https://www.demorgen.be/,4,28,1,0,27
2026-07-06,De Standaard Binnenland,https://www.standaard.be/,0,18,0,1,17
2026-07-06,De Standaard Buitenland,https://www.standaard.be/buitenland/,0,19,0,0,19
2026-07-06,De Standaard Economie,https://www.standaard.be/economie/,0,11,0,0,11
2026-07-06,El pais,Https://elpais.com,0,8,0,0,8
2026-07-06,Euronews,www.euronews.com,8,13,1,0,12
2026-07-06,Frankfurter Allgemeine Zeitung,https://www.faz.net/aktuell/,0,45,0,0,45
2026-07-06,Gazet van Antwerpen,www.gva.be,0,66,0,0,66
2026-07-06,Good News Network,https://www.goodnewsnetwork.org/,40,5,2,0,3
2026-07-06,Het Laatste Nieuws,https://www.hln.be/,0,68,0,0,68
2026-07-06,Humo,https://www.humo.be/,0,1,0,0,1
2026-07-06,Le Figaro,https://www.lefigaro.fr/,3,38,1,0,37
2026-07-06,Le Monde,www.lemonde.fr,0,52,0,0,52
2026-07-06,NRC,www.nrc.nl,0,44,0,0,44
2026-07-06,Nature,https://www.nature.com,20,5,1,0,4
2026-07-06,Neue Zürcher Zeitung,www.nzz.ch,0,19,0,0,19
2026-07-06,Politiken.dk,www.politiken.dk,0,41,0,0,41
2026-07-06,Popular Science,https://popsci.com,17,6,1,0,5
2026-07-06,Positive News,https://www.positive.news/,100,1,1,0,0
2026-07-06,Rzeczpospolita Poland,https://www.rp.pl/,0,61,0,0,61
2026-07-06,Science.org news,https://www.science.org/,0,2,0,0,2
2026-07-06,The Guardian,www.theguardian.com,0,28,0,0,28
2026-07-06,The Guardian Europe,https://www.theguardian.com/europe,0,12,0,0,12
2026-07-06,The New York Times,https://rss.nytimes.com/services/xml/rss/nyt/HomePage.xml,0,24,0,0,24
2026-07-06,The Verge,www.theverge.com,0,11,0,0,11
2026-07-06,Upworthy,https://www.upworthy.com/,36,14,5,0,9
2026-07-06,VRT Nws,https://www.vrt.be/vrtnws/nl/,0,43,0,0,43
2026-07-06,Wired,www.wired.com,25,8,2,0,6
2026-07-07,BBC,https://www.bbc.com,20,50,10,22,18
2026-07-07,BBC Top Stories,https://www.bbc.com/,0,11,0,0,11
2026-07-07,CNN,https://www.cnn.com,0,50,0,33,17
2026-07-07,DR (Danish Public broadcaster),https://www.dr.dk/,0,3,0,0,3
2026-07-07,Dagens Nyheter,www.dn.se,0,17,0,0,17
2026-07-07,De Morgen,https://www.demorgen.be/,0,13,0,0,13
2026-07-07,De Standaard Binnenland,https://www.standaard.be/,0,9,0,0,9
2026-07-07,De Standaard Buitenland,https://www.standaard.be/buitenland/,0,6,0,0,6
2026-07-07,De Standaard Economie,https://www.standaard.be/economie/,0,6,0,0,6
2026-07-07,El pais,Https://elpais.com,0,2,0,0,2
2026-07-07,Euronews,www.euronews.com,11,9,1,1,7
2026-07-07,Frankfurter Allgemeine Zeitung,https://www.faz.net/aktuell/,0,17,0,0,17
2026-07-07,Gazet van Antwerpen,www.gva.be,0,35,0,0,35
2026-07-07,Good News Network,https://www.goodnewsnetwork.org/,0,1,0,1,0
2026-07-07,Het Laatste Nieuws,https://www.hln.be/,0,34,0,0,34
2026-07-07,Humo,https://www.humo.be/,0,2,0,0,2
2026-07-07,Le Figaro,https://www.lefigaro.fr/,0,18,0,0,18
2026-07-07,Le Monde,www.lemonde.fr,0,20,0,1,19
2026-07-07,NRC,www.nrc.nl,0,14,0,1,13
2026-07-07,NY Times,https://www.nytimes.com,8,25,2,21,2
2026-07-07,Neue Zürcher Zeitung,www.nzz.ch,0,10,0,0,10
2026-07-07,Politiken.dk,www.politiken.dk,0,19,0,0,19
2026-07-07,Popular Science,https://popsci.com,0,1,0,0,1
2026-07-07,Positive News,https://www.positive.news/,0,1,0,0,1
2026-07-07,Rzeczpospolita Poland,https://www.rp.pl/,0,30,0,1,29
2026-07-07,Science.org news,https://www.science.org/,0,1,0,0,1
2026-07-07,The Guardian,https://www.theguardian.com,4,50,2,30,18
2026-07-07,The Guardian,www.theguardian.com,0,11,0,0,11
2026-07-07,The Guardian Europe,https://www.theguardian.com/europe,0,4,0,0,4
2026-07-07,The New York Times,https://rss.nytimes.com/services/xml/rss/nyt/HomePage.xml,0,7,0,0,7
2026-07-07,The Verge,www.theverge.com,0,2,0,0,2
2026-07-07,Upworthy,https://www.upworthy.com/,25,4,1,0,3
2026-07-07,VRT Nws,https://www.vrt.be/vrtnws/nl/,0,20,0,1,19
2026-07-07,Wired,www.wired.com,0,1,0,0,1
